"GenusSpecies","NestLoc","Excavate","Sociality","Lecty","MeanITD","Specimen1","Specimen2","Specimen3","Specimen4","Specimen5","Neal","InKremen","PredForDist_Typical","CILow_Typical","CIHigh_Typical","PredForDist_Feeder","CILow_Feeder","CIHigh_Feeder","PredForDist_HomingMax","CILow_HomingMax","CIHigh_HomingMax","abun.net","abun.pan","num.occ.net","num.occ.pan","degree","normalised.degree","nestedrank","species.strength","interaction.push.pull","PDI","resource.range","species.specificity.index","PSI","node.specialisation.index.NSI","betweenness","weighted.betweeness","closeness","weighted.closeness","Fisher.alpha","partner.diversity","effective.partners","proportional.similarity","proportional.generality","d"
"Agapostemon texanus","below","ex","solitary","polylectic",1.9804878046,1.902439024,2.146341463,1.902439024,2,1.951219512,"yes","yes","0.506179152","0.197043035","1.300311549","0.929074857","0.43677468","1.860136118","0.69484612","0.289509939","1.606786413",23,303,18,90,"10","0.0793650793650794","0.211864406779661","0.41413370317812","-0.058586629682188","0.981714285714286","0.928","0.397211452022909","0.0351908434297264","1.22033898305085",NA,"0",NA,"0.00180101060114489","6.73285739754657","2.03832143001129","7.67771080154271","0.56665145177333","0.506004631470043","0.177005347804375"
"Andrena angustitarsata","below","ex","solitary","polylectic",1.804878049,1.804878049,1.951219512,1.609756098,1.804878049,1.853658537,"yes","yes","0.444148627","0.181599871","1.086278321","0.846338321","0.416848107","1.718344262","0.606654106","0.265381859","1.342848348",3,0,3,0,"2","0.0158730158730159","0.694915254237288","0.166666666666667","-0.416666666666667","0.996","0.992","0.742967024840268","0.0777777777777778","1.85593220338983",NA,"0",NA,"0.000373811938392297","2.62230102153243","0.636514168294813","1.88988157484231","0.00313381385145722","0.12455390083304","0.666213036435522"
"Andrena anisochlora","below","ex","solitary","polylectic",1.93442623,1.93442623,NA,NA,NA,NA,"yes","no","0.489682598","0.193009011","1.24237229","0.907370135","0.431636023","1.907441726","0.671349517","0.283194762","1.535348156",0,0,0,0,NA,NA,NA,NA,NA,NA,NA,NA,NA,NA,NA,NA,NA,NA,NA,NA,NA,NA,NA,NA
"Andrena astragali","below","ex","solitary","polylectic",NA,NA,NA,NA,NA,NA,"yes","no",NA,NA,NA,NA,NA,NA,NA,NA,NA,0,0,0,0,NA,NA,NA,NA,NA,NA,NA,NA,NA,NA,NA,NA,NA,NA,NA,NA,NA,NA,NA,NA
"Andrena atypica","below","ex","solitary","oligolectic",1.3770491805,1.409836066,1.344262295,NA,NA,NA,"yes","no","0.303453807","0.143163734","0.643209078","0.644932306","0.363819819","1.184495282","0.408486608","0.205944805","0.796064598",0,0,0,0,NA,NA,NA,NA,NA,NA,NA,NA,NA,NA,NA,NA,NA,NA,NA,NA,NA,NA,NA,NA
"Andrena auricoma","below","ex","solitary","polylectic",1.6195121954,1.609756098,1.707317073,1.609756098,1.609756098,1.56097561,"yes","yes","0.381297126","0.165099603","0.880604772","0.759044941","0.394737982","1.446351175","0.517775926","0.23975233","1.089108848",6,0,5,0,"5","0.0396825396825397","0.415254237288136","0.18706052461654","-0.162587895076692","0.984","0.968","0.46475800154489","0.0549862779122805","1.33050847457627",NA,"0",NA,"0.000684785238271538","14.1163394064178","1.56071040904141","4.7622031559046","0.200668546954978","0.31385616301213","0.397612053244841"
"Andrena caerulea","below","ex","solitary","oligolectic",1.6682926828,1.756097561,1.658536585,1.56097561,1.658536585,1.707317073,"yes","yes","0.397566373","0.169462947","0.93270549","0.782012701","0.400673363","1.648877383","0.540731934","0.246513999","1.153396987",0,1,0,1,NA,NA,NA,NA,NA,NA,NA,NA,NA,NA,NA,NA,NA,NA,NA,NA,NA,NA,NA,NA
"Andrena candida","below","ex","solitary","polylectic",1.6487804878,1.56097561,1.463414634,1.756097561,1.804878049,1.658536585,"yes","yes","0.391035052","0.167719487","0.911691387","0.772825227","0.398309701","1.380847906","0.531511798","0.243810842","1.127468252",26,1,17,1,"10","0.0793650793650794","0.203389830508475","1.250546044838","0.0250546044837997","0.982","0.928","0.417033763337351","0.233758947880307","1.52542372881356",NA,"0.007070340826686",NA,"0.00190199703974165","5.94925113082374","1.97138443275028","7.18061068274411","0.0581322469445315","0.473242917865793","0.64104990141616"
"Andrena cerasifolii","below","ex","solitary","polylectic",2.5637397708,2.585365854,2.682926829,2.829268293,2.487804878,2.233333,"yes","yes","0.728017142","0.247229272","2.143795326","1.204091601","0.497318816","2.952423404","1.013358117","0.368744961","2.646105762",15,2,10,2,"3","0.0238095238095238","0.542372881355932","0.0896078470928271","-0.303464050969058","0.990857142857143","0.984","0.603191511876618","0.0252957606478968","1.41525423728814",NA,"0",NA,"0.00137984242801975","1.12764986670505","1.04375703633141","2.8398664781484","0.292463177687245","0.187163287058282","0.308441455054976"
"Andrena cercocarpi","below","ex","solitary","polylectic",1.65853658533333,1.609756098,1.658536585,1.707317073,NA,NA,"yes","no","0.394296794","0.168591528","0.922169484","0.777418903","0.39949326","1.446351175","0.536115604","0.24516267","1.140397059",0,0,0,0,NA,NA,NA,NA,NA,NA,NA,NA,NA,NA,NA,NA,NA,NA,NA,NA,NA,NA,NA,NA
"Andrena chalybioides","below","ex","solitary","oligolectic",1.7463414636,1.756097561,1.804878049,1.853658537,1.707317073,1.609756098,"yes","no","0.424001941","0.176412448","1.019075739","0.8187674","0.409993314","1.648877383","0.578108779","0.257307024","1.259953464",0,0,0,0,NA,NA,NA,NA,NA,NA,NA,NA,NA,NA,NA,NA,NA,NA,NA,NA,NA,NA,NA,NA
"Andrena chlorogaster","below","ex","solitary","polylectic",1.2390243904,1.12195122,1.268292683,1.317073171,1.219512195,1.268292683,"yes","yes","0.261522461","0.13047073","0.524209511","0.580012111","0.34499908","0.839717079","0.350045124","0.186535507","0.649083025",9,3,8,2,"5","0.0396825396825397","0.406779661016949","0.350528603355198","-0.12989427932896","0.9936","0.968","0.594044517598546","0.0395966360945028","1.35593220338983",NA,"0",NA,"0.000950833514655684","4.63217515957032","1.30309240376172","3.68066117720662","0.282983390786587","0.242576420326266","0.282091339739138"
"Andrena chlorura",NA,NA,NA,"polylectic",1.84,1.84,NA,NA,NA,NA,"no","yes","0.456365791","0.184702524","1.127595501","0.862882823","0.420908015","1.768953644","0.623988583","0.270218838","1.393807641",0,1,0,1,NA,NA,NA,NA,NA,NA,NA,NA,NA,NA,NA,NA,NA,NA,NA,NA,NA,NA,NA,NA
"Andrena cressonii infasciata","below","ex","solitary","polylectic",2.1463414634,1.951219512,2.195121951,2.292682927,2.097560976,2.195121951,"yes","yes","0.56686594","0.211476458","1.519492985","1.007245482","0.454802158","1.932436534","0.781529965","0.312174187","1.876971791",4,0,4,0,"4","0.0317460317460317","0.525423728813559","0.158628245305613","-0.210342938673597","0.976","0.976","0.493963561409139","0.0396570613264032","1.76271186440678",NA,"0",NA,"0.000482744968291782","35168.6827595786","1.38629436111989","4","0.0133187088686932","0.263622657612147","0.534426066443876"
"Andrena cuneilabris","below","ex","solitary","oligolectic",1.7836065572,1.803278689,2.06557377,0.983606557,2,2.06557377,"yes","no","0.436796247","0.179717213","1.061617628","0.836318905","0.414370123","1.716051418","0.596230845","0.262449492","1.312430574",0,0,0,0,NA,NA,NA,NA,NA,NA,NA,NA,NA,NA,NA,NA,NA,NA,NA,NA,NA,NA,NA,NA
"Andrena hypoleuca","below","ex","solitary",NA,1.75755480825,1.704918033,1.8072289,1.7831325,1.7349398,NA,"yes","no","0.427840242","0.177407766","1.031788384","0.824048602","0.41131517","1.577036973","0.583543243","0.258855149","1.275635522",0,0,0,0,NA,NA,NA,NA,NA,NA,NA,NA,NA,NA,NA,NA,NA,NA,NA,NA,NA,NA,NA,NA
"Andrena knuthiana",NA,NA,NA,"polylectic",1.36487636,1.686747,1.766667,1.0967742,1.0967742,1.1774194,"no","yes","0.299683763","0.142050715","0.632241505","0.63920557","0.362198837","1.551790172","0.40321881","0.204238136","0.78252081",11,0,7,0,"7","0.0555555555555556","0.322033898305085","0.620217368857222","-0.0542546615918254","0.978666666666667","0.952","0.408585546440804","0.113132708463604","1.38135593220339",NA,"0",NA,"0.00103055994906949","8.28558385275688","1.84622021932163","6.33582617301755","0.120758667844221","0.417566833474871","0.534873412938333"
"Andrena lewisorum","below","ex","solitary","oligolectic",NA,NA,NA,NA,NA,NA,"yes","no",NA,NA,NA,NA,NA,NA,NA,NA,NA,0,0,0,0,NA,NA,NA,NA,NA,NA,NA,NA,NA,NA,NA,NA,NA,NA,NA,NA,NA,NA,NA,NA
"Andrena microchlora","below","ex","solitary","polylectic",1.2286585366,1.268292683,1.28125,1.1875,1.15625,1.25,"yes","yes","0.258447153","0.129510769","0.515748087","0.575137792","0.343544486","1.010014998","0.345772383","0.185072532","0.63862928",0,1,0,1,NA,NA,NA,NA,NA,NA,NA,NA,NA,NA,NA,NA,NA,NA,NA,NA,NA,NA,NA,NA
"Andrena misella","below","ex","solitary","polylectic",1.926829268,1.902439024,1.951219512,NA,NA,NA,"yes","no","0.486977074","0.192342567","1.232939093","0.903790586","0.430782682","1.860136118","0.667498809","0.282152295","1.523716465",0,0,0,0,NA,NA,NA,NA,NA,NA,NA,NA,NA,NA,NA,NA,NA,NA,NA,NA,NA,NA,NA,NA
"Andrena miserabilis","below","ex","solitary","polylectic",1.49032256,1.4516129,1.3709677,1.3709677,1.6129032,1.6451613,"yes","no","0.339179658","0.153465311","0.749634166","0.69823279","0.378574862","1.237754239","0.458525858","0.221781822","0.927462633",0,0,0,0,NA,NA,NA,NA,NA,NA,NA,NA,NA,NA,NA,NA,NA,NA,NA,NA,NA,NA,NA,NA
"Andrena nigrocaerulea","below","ex","solitary","polylectic",1.912195122,2.048780488,1.707317073,1.951219512,2,1.853658537,"yes","yes","0.481777645","0.191057889","1.214865825","0.896895424","0.42913415","2.079788382","0.660100888","0.280143446","1.501430494",1,3,1,3,"1","0.00793650793650794","0.830508474576271","0.000292056074766355","-0.999707943925234","1","1","1","0.000292056074766355","1.50847457627119",NA,"0",NA,"0.000131799957128366","8196.04299273653","0","1","0.268254465684738","0.0659056644030367","0"
"Andrena orthocarpi","below","ex","solitary","polylectic",1.4829268294,1.512195122,1.658536585,1.56097561,1.365853659,1.317073171,"yes","yes","0.336812171","0.152795679","0.742445333","0.694752174","0.377628881","1.316372653","0.45520336","0.220750177","0.918588309",0,1,0,1,NA,NA,NA,NA,NA,NA,NA,NA,NA,NA,NA,NA,NA,NA,NA,NA,NA,NA,NA,NA
"Andrena pallidifovea","below","ex","solitary","oligolectic",2.0097560978,1.804878049,2.048780488,2.048780488,2.097560976,2.048780488,"yes","no","0.516743198","0.199600412","1.337790488","0.94286759","0.440009045","1.718344262","0.709908304","0.293517904","1.652993572",0,0,0,0,NA,NA,NA,NA,NA,NA,NA,NA,NA,NA,NA,NA,NA,NA,NA,NA,NA,NA,NA,NA
"Andrena pensilis","below","ex","solitary","oligolectic",1.639344262,1.639344262,NA,NA,NA,NA,"yes","no","0.387887734","0.166875444","0.901611948","0.768382281","0.397161631","1.486576956","0.527070889","0.242502858","1.11503103",0,0,0,0,NA,NA,NA,NA,NA,NA,NA,NA,NA,NA,NA,NA,NA,NA,NA,NA,NA,NA,NA,NA
"Andrena piperi","below","ex","solitary","polylectic",1.3756097564,1.365853659,1.317073171,1.365853659,1.365853659,1.463414634,"yes","yes","0.303007292","0.143032183","0.641907416","0.644255113","0.363628512","1.129281583","0.407862571","0.205743042","0.794457212",7,3,5,1,"4","0.0317460317460317","0.483050847457627","1.24402536715621","0.0610063417890521","0.994","0.976","0.618754509363078","0.178218577150486","1.49152542372881",NA,"0",NA,"0.000684806135850041","3.87836465825847","1.15374194270109","3.17003282492367","0.269664681917894","0.20892311950603","0.36599920636601"
"Andrena plana","below","ex","solitary","oligolectic",NA,NA,NA,NA,NA,NA,"yes","no",NA,NA,NA,NA,NA,NA,NA,NA,NA,0,0,0,0,NA,NA,NA,NA,NA,NA,NA,NA,NA,NA,NA,NA,NA,NA,NA,NA,NA,NA,NA,NA
"Andrena prunorum","below","ex","solitary","polylectic",NA,NA,NA,NA,NA,NA,"yes","no",NA,NA,NA,NA,NA,NA,NA,NA,NA,0,0,0,0,NA,NA,NA,NA,NA,NA,NA,NA,NA,NA,NA,NA,NA,NA,NA,NA,NA,NA,NA,NA
"Andrena scurra",NA,NA,NA,"polylectic",1.96104424,2,2.166667,1.9759036,1.7590361,1.9036145,"no","yes","0.499196298","0.195341588","1.275698364","0.919912553","0.434612869","2.005657676","0.684896572","0.286845307","1.576439607",5,0,4,0,"1","0.00793650793650794","0.779661016949153","0.00146028037383178","-0.998539719626168","1","1","1","0.00146028037383178","1.50847457627119",NA,"0",NA,"0.000587062154482295","0.375882658502231","0","1","0.268254465684738","0.0659056644030367","0.106918874778215"
"Andrena semipunctata","below","ex","solitary","oligolectic",1.950819672,1.868852459,2.032786885,NA,NA,NA,"yes","no","0.495535602","0.194446049","1.262846606","0.915094641","0.433471787","1.810896736","0.679682737","0.285443422","1.560593523",0,0,0,0,NA,NA,NA,NA,NA,NA,NA,NA,NA,NA,NA,NA,NA,NA,NA,NA,NA,NA,NA,NA
"Andrena sola","below","ex","solitary","polylectic",NA,NA,NA,NA,NA,NA,"yes","no",NA,NA,NA,NA,NA,NA,NA,NA,NA,0,0,0,0,NA,NA,NA,NA,NA,NA,NA,NA,NA,NA,NA,NA,NA,NA,NA,NA,NA,NA,NA,NA
"Andrena sp. 1","below","ex","solitary",NA,1.442622951,1.442622951,NA,NA,NA,NA,"yes","no","0.323995225","0.149139278","0.703858212","0.67578555","0.372431923","1.226227079","0.437231905","0.215122386","0.870950727",0,0,0,0,NA,NA,NA,NA,NA,NA,NA,NA,NA,NA,NA,NA,NA,NA,NA,NA,NA,NA,NA,NA
"Andrena sp. 4M","below","ex","solitary",NA,NA,NA,NA,NA,NA,NA,"yes","no",NA,NA,NA,NA,NA,NA,NA,NA,NA,0,0,0,0,NA,NA,NA,NA,NA,NA,NA,NA,NA,NA,NA,NA,NA,NA,NA,NA,NA,NA,NA,NA
"Andrena suavis","below","ex","solitary","oligolectic",1.508196721,1.508196721,NA,NA,NA,NA,"yes","no","0.344921236","0.155082038","0.767146605","0.706645139","0.380851538","1.311133876","0.466587179","0.2242738","0.949080237",0,0,0,0,NA,NA,NA,NA,NA,NA,NA,NA,NA,NA,NA,NA,NA,NA,NA,NA,NA,NA,NA,NA
"Andrena subaustralis","below","ex","solitary","oligolectic",2.1099446652,2.163934426,2.1204819,1.959184,2.102041,2.204082,"yes","no","0.553378422","0.208320949","1.469980232","0.990088422","0.450907029","2.258332085","0.762232545","0.307210211","1.815945453",1,0,1,0,"1","0.00793650793650794","0.838983050847458","0.0204081632653061","-0.979591836734694","1","1","1","0.0204081632653061","1.8728813559322",NA,"0",NA,"0.000131932276537569","8196.04299273653","0","1","0.0038389219680351","0.0659056644030367","0.521805081884733"
"Andrena subchalybea","below","ex","solitary","oligolectic",1.5609756098,1.609756098,1.707317073,1.609756098,1.463414634,1.414634146,"yes","yes","0.362036665","0.15984251","0.81999805","0.731487768","0.387496952","1.446351175","0.490647825","0.23162139","1.014314203",3,12,2,9,"2","0.0158730158730159","0.703389830508475","0.102949852507375","-0.448525073746313","0.996","0.992","0.742967024840268","0.0352999016715831","1.74576271186441",NA,"0",NA,"0.000372314673605767","2.62230102153243","0.636514168294813","1.88988157484231","0.0539015982450642","0.12455390083304","0.396547681522391"
"Andrena subtilis","below","ex","solitary","polylectic",2.2048780488,2.048780488,2.390243902,2.195121951,2.097560976,2.292682927,"yes","no","0.588753781","0.216537914","1.600786705","1.034841753","0.46099842","2.079788382","0.812883461","0.320146655","1.977159766",0,0,0,0,NA,NA,NA,NA,NA,NA,NA,NA,NA,NA,NA,NA,NA,NA,NA,NA,NA,NA,NA,NA
"Andrena w-scripta","below","ex","solitary","polylectic",1.7365853658,1.707317073,1.853658537,1.951219512,1.707317073,1.463414634,"yes","yes","0.420670621","0.17554585","1.008077217","0.81417265","0.408839805","1.580380416","0.573393648","0.25595958","1.246385558",1,0,1,0,"1","0.00793650793650794","0.847457627118644","0.1","-0.9","1","1","1","0.1","1.95762711864407",NA,"0",NA,"0.000132126891494485","8196.04299273653","0","1","0.000783453462864306","0.0659056644030367","0.717077252890564"
"Anthidiellum ehrhorni","above","rent","solitary","polylectic",2.3902439025,2.43902439,2.341463415,NA,NA,NA,"yes","no","0.659620687","0.232460968","1.87170971","1.122251407","0.480098537","2.70436081","0.914696017","0.3453069","2.310971212",0,0,0,0,NA,NA,NA,NA,NA,NA,NA,NA,NA,NA,NA,NA,NA,NA,NA,NA,NA,NA,NA,NA
"Anthidiellum notatum robertsoni","above","rent","solitary","polylectic",2.1837397708,2.243902439,2.195121951,2.097560976,2.048780488,2.333333,"yes","yes","0.580822117","0.214712058","1.571194159","1.024876015","0.458770416","2.385197118","0.801516416","0.317269251","1.940690684",42,0,12,0,"7","0.0555555555555556","0.279661016949153","0.335070959280462","-0.094989862959934","0.996413793103448","0.952","0.70427267446636","0.0396882579553873","1.39830508474576",NA,"0",NA,"0.00243535011101064","2.39865517342383","1.10955295497617","3.03300220277687","0.131142648221934","0.199892025309883","0.364367847204785"
"Anthidium manicatum","above","rent",NA,"polylectic",NA,NA,NA,NA,NA,NA,"no","yes",NA,NA,NA,NA,NA,NA,NA,NA,NA,1,0,1,0,"1","0.00793650793650794","0.855932203389831","0.0062111801242236","-0.993788819875776","1","1","1","0.0062111801242236","1.72881355932203",NA,"0",NA,"0.000131966332031794","8196.04299273653","0","1","0.0126136007521153","0.0659056644030367","0.375638760760882"
"Anthidium mormonum","above","rent","solitary","polylectic",2.292682927,2.292682927,NA,NA,NA,NA,"yes","no","0.622031365","0.224099809","1.726565588","1.076242346","0.47014146","2.463721425","0.86063731","0.332080571","2.132149842",0,0,0,0,NA,NA,NA,NA,NA,NA,NA,NA,NA,NA,NA,NA,NA,NA,NA,NA,NA,NA,NA,NA
"Anthidium utahense","above","rent","solitary","polylectic",2.0980182928,2,2.048780488,2.097560976,2.25,2.09375,"yes","no","0.548979409","0.207285536","1.453928708","0.984466748","0.449623432","2.005657676","0.755942476","0.305582467","1.796160361",0,0,0,0,NA,NA,NA,NA,NA,NA,NA,NA,NA,NA,NA,NA,NA,NA,NA,NA,NA,NA,NA,NA
"Anthophora bomboides stanfordiana","below","ex","solitary","polylectic",4.312,4.52,4.56,4.44,3.92,4.12,"yes","no","1.513808278","0.39046763","5.86890007","2.029951607","0.645944298","6.848434541","2.166967403","0.600277487","7.227696969",0,0,0,0,NA,NA,NA,NA,NA,NA,NA,NA,NA,NA,NA,NA,NA,NA,NA,NA,NA,NA,NA,NA
"Anthophora californica","below","ex","solitary","polylectic",3.58,3.6,3.5,3.5,3.6,3.7,"yes","no","1.164962354","0.331561902","4.093164138","1.683931841","0.58824988","4.861062681","1.650982009","0.504231179","5.044908256",0,0,0,0,NA,NA,NA,NA,NA,NA,NA,NA,NA,NA,NA,NA,NA,NA,NA,NA,NA,NA,NA,NA
"Anthophora curta","below","ex","solitary","polylectic",2.682926829,2.682926829,NA,NA,NA,NA,"yes","yes","0.776118411","0.25730433","2.341040233","1.260328272","0.508814903","3.121817664","1.082959224","0.38478823","2.888996721",0,1,0,1,NA,NA,NA,NA,NA,NA,NA,NA,NA,NA,NA,NA,NA,NA,NA,NA,NA,NA,NA,NA
"Anthophora edwardsii","below","ex","solitary","polylectic",4.08,4,3.6,4.1,4.3,4.4,"yes","no","1.400403275","0.37193959","5.272709291","1.920253017","0.628225858","5.697024665","1.998670299","0.569956425","6.495032966",0,0,0,0,NA,NA,NA,NA,NA,NA,NA,NA,NA,NA,NA,NA,NA,NA,NA,NA,NA,NA,NA,NA
"Anthophora pacifica","below","ex","solitary","polylectic",4.4678281278,4.243902439,4.2857143,4.7619048,4.2857143,4.7619048,"yes","no","1.591397748","0.402844451","6.286661725","2.103648267","0.65758036","6.228218756","2.28239351","0.62058553","7.740987302",0,0,0,0,NA,NA,NA,NA,NA,NA,NA,NA,NA,NA,NA,NA,NA,NA,NA,NA,NA,NA,NA,NA
"Anthophora urbana","below","ex","solitary","polylectic",2.975609756,2.975609756,3.024390244,2.87804878,3.024390244,2.975609756,"yes","yes","0.897926832","0.281821263","2.860935999","1.39847342","0.536011843","3.648665476","1.259930711","0.423999481","3.528994845",67,24,34,15,"17","0.134920634920635","0.101694915254237","3.80600156760622","0.165058915741542","0.978222222222222","0.872","0.366863121325068","0.25345218380134","1.32203389830508",NA,"0",NA,"0.00257770341780736","7.34397220965986","2.32127342640454","10.188640532434","0.170873538917758","0.671489123653775","0.538742175267003"
"Anthophorula chionura",NA,NA,NA,NA,NA,NA,NA,NA,NA,NA,"no","yes",NA,NA,NA,NA,NA,NA,NA,NA,NA,0,16,0,11,NA,NA,NA,NA,NA,NA,NA,NA,NA,NA,NA,NA,NA,NA,NA,NA,NA,NA,NA,NA
"Ashmeadiella aridula astragali","above","rent","solitary","polylectic",1.3142405278,1.245901639,1.253012,1.301205,1.373494,1.39759,"yes","yes","0.284149117","0.137407805","0.587599231","0.615386312","0.355377556","0.983279043","0.381539675","0.197128464","0.727386801",45,98,27,40,"12","0.0952380952380952","0.144067796610169","0.313016105442874","-0.0572486578797605","0.980307692307692","0.912","0.427374413002099","0.0326585692243253","1.19491525423729",NA,"0",NA,"0.00248311629120226","5.35430856634122","1.93572019343394","6.92903250255113","0.36230370138236","0.456662490750868","0.245472388114743"
"Ashmeadiella bucconis denticulata","above","rent","solitary","oligolectic",1.5228916,1.445783,1.518072,1.493976,1.46988,1.686747,"yes","yes","0.349662411","0.156409461","0.781690576","0.71356152","0.382713233","1.230274849","0.473247782","0.22632114","0.96703268",28,3,11,3,"8","0.0634920634920635","0.245762711864407","0.902097569543506","-0.0122378038070618","0.989333333333333","0.944","0.499142121186799","0.100415527991454","1.56779661016949",NA,"0",NA,"0.00200756867224234","3.74162266193746","1.66656657442276","5.29396013960096","0.128329677217173","0.348901960323594","0.481228434899834"
"Ashmeadiella cactorum basalis","above","rent","solitary","polylectic",1.2081632,1.285714,1.22449,1.22449,1.142857,1.163265,"yes","yes","0.252397818","0.127609842","0.499214303","0.56550085","0.340650399","1.030982968","0.337373309","0.182177654","0.61820135",3,0,2,0,"1","0.00793650793650794","0.864406779661017","0.25","-0.75","1","1","1","0.25","1.98305084745763",NA,"0",NA,"0.000132840140841895","8196.04299273653","0","1","0.000313381385145722","0.0659056644030367","0.82966353332881"
"Ashmeadiella timberlakei solida",NA,"rent","solitary","polylectic",NA,NA,NA,NA,NA,NA,"yes","no",NA,NA,NA,NA,NA,NA,NA,NA,NA,0,0,0,0,NA,NA,NA,NA,NA,NA,NA,NA,NA,NA,NA,NA,NA,NA,NA,NA,NA,NA,NA,NA
"Bombus californicus","mix","rent","social","polylectic",3.3219510196,3.609756098,3.333333,3.333333,3.285714,3.047619,"yes","yes","1.048496082","0.31046003","3.541016321","1.562024176","0.566529205","4.880917498","1.479951911","0.470088915","4.365793021",84,13,32,9,"19","0.150793650793651","0.0847457627118644","3.63597302269596","0.138735422247156","0.98112","0.856","0.348055824750653","0.303687744085204","1.20338983050847",NA,"0.00658689871887841",NA,"0.0026085626580268","7.65189477099862","2.49058872571069","12.0683789944177","0.181126979152676","0.795374535894747","0.551868015594433"
"Bombus crotchii","below","rent","social","polylectic",5.3,5.3,5.4,5.2,4.9,5.7,"yes","yes","2.024053875","0.4681036","8.751896138","2.497399739","0.716563405","8.704052448","2.929736763","0.728321525","10.768526",17,0,4,0,"4","0.0317460317460317","0.432203389830508","0.186166656931275","-0.203458335767181","0.998285714285714","0.976","0.828305478309738","0.132608733830182","1.61864406779661",NA,"0",NA,"0.00151084393850403","1.64909623646013","0.659872013784827","1.93454472349973","0.045675336884989","0.127497455319639","0.621543921552505"
"Bombus melanopygus","mix","rent","social","polylectic",3.86,3.4,4.3,4.2,3.8,3.6,"yes","yes","1.295265951","0.354251808","4.735935976","1.81625454","0.610955043","4.460089728","1.843107245","0.541103559","5.83522897",27,0,14,0,"10","0.0793650793650794","0.194915254237288","0.893574378847581","-0.0106425621152419","0.99","0.928","0.483709942674301","0.0720132255117236","1.25423728813559",NA,"0",NA,"0.00184855841050145","5.74639966613369","1.84460937520046","6.32562836042233","0.162290933992595","0.416894739860325","0.422128853828335"
"Bombus vandykei",NA,"rent","social","polylectic",3.6285714,3,3.761905,3.428571,4.047619,3.904762,"no","yes","1.187277716","0.335512858","4.201413862","1.706882508","0.592250205","3.693802855","1.683828847","0.510640011","5.178025188",2,1,2,1,"2","0.0158730158730159","0.720338983050847","0.0295566502463054","-0.485221674876847","0.992","0.992","0.70427267446636","0.0147783251231527","1.56779661016949",NA,"0",NA,"0.000252605619401284","17872.483199054","0.693147180559945","2","0.0822626136007521","0.131811328806073","0.353287921222858"
"Bombus vosnesenskii","below","rent","social","polylectic",3.551219512,2.926829268,3.268292683,3.902439024,4,3.658536585,"yes","yes","1.151797671","0.329217747","4.029666956","1.670333321","0.585866791","3.558952094","1.63161566","0.500431118","4.966820794",162,2,34,2,"23","0.182539682539683","0.0593220338983051","4.77611977157064","0.164179120503071","0.972972972972973","0.824","0.331070508737686","0.137836096236516","1.21186440677966",NA,"0.0481024897268552",NA,"0.00352888893682343","7.32299485193655","2.5218974497232","12.4522016884685","0.256321792386767","0.820670625559131","0.424646246243118"
"Calliopsis fracta","below","ex","solitary","oligolectic",1.4585365854,1.390243902,1.463414634,1.56097561,1.512195122,1.365853659,"yes","yes","0.329038661","0.150584434","0.71897498","0.683274073","0.374492413","1.15979073","0.444300441","0.217345634","0.889613755",0,2,0,2,NA,NA,NA,NA,NA,NA,NA,NA,NA,NA,NA,NA,NA,NA,NA,NA,NA,NA,NA,NA
"Calliopsis hesperia equina","below","ex","solitary","oligolectic",1.2705572,1.084337,1.325301,1.349398,1.28125,1.3125,"no","yes","0.270941938","0.133384987","0.550358293","0.594840864","0.349387139","0.797677988","0.363144138","0.190981165","0.681386413",3,0,1,0,"2","0.0158730158730159","0.711864406779661","0.0247947454844007","-0.4876026272578","0.996","0.992","0.742967024840268","0.0162014230979748","1.58474576271186",NA,"0",NA,"0.00037237990918401","2.62230102153243","0.636514168294813","1.88988157484231","0.0861015355687872","0.12455390083304","0.377373378828364"
"Calliopsis scitula","below","ex","solitary","polylectic",1.4081632,1.387755,1.428571,1.44898,1.408163,1.367347,NA,"yes","0.313151868","0.146003257","0.671656881","0.659571015","0.367931008","1.156664917","0.422048926","0.210302808","0.831192226",1,0,1,0,"1","0.00793650793650794","0.872881355932203","0.0119047619047619","-0.988095238095238","1","1","1","0.0119047619047619","1.89830508474576",NA,"0",NA,"0.000131821257397132","8196.04299273653","0","1","0.00658100908806017","0.0659056644030367","0.455577618181588"
"Calliopsis scutellaris","below","ex","solitary","polylectic",1.6625,1.65625,1.71875,1.65625,1.71875,1.5625,"no","yes","0.395624117","0.168945616","0.926442753","0.779285118","0.399973092","1.509726624","0.53798948","0.245711708","1.145669704",0,2,0,2,NA,NA,NA,NA,NA,NA,NA,NA,NA,NA,NA,NA,NA,NA,NA,NA,NA,NA,NA,NA
"Ceratina acantha","above","ex","solitary","polylectic",1.1540983606,1.081967213,1.213114754,1.180327869,1.245901639,1.049180328,"yes","yes","0.236641542","0.12257643","0.456851446","0.540083054","0.332896779","0.795053795","0.315533427","0.174526273","0.56585386",358,42,83,23,"26","0.206349206349206","0.0338983050847458","2.51903890258924","0.0584245731765093","0.994029268292683","0.8","0.587093587245478","0.0885718886956007","1.08474576271186",NA,"0.00801708162114254",NA,"0.00391691119560757","6.44302071401373","1.76488367697122","5.84089288821625","0.528127730050824","0.384947926504864","0.180585330552041"
"Ceratina arizonensis","above","ex","solitary","polylectic",0.8524590164,0.819672131,0.885245902,0.885245902,0.819672131,0.852459016,"yes","yes","0.154469829","0.09391954","0.254057121","0.398378718","0.285852288","0.523354673","0.202634185","0.131387203","0.315088135",88,54,28,34,"11","0.0873015873015873","0.161016949152542","0.776384397606794","-0.0203286911266551","0.9904","0.92","0.538830996672618","0.102919078879657","1.17796610169492",NA,"0.007070340826686",NA,"0.00314451483806974","3.31837418102841","1.57104882121904","4.81169215303664","0.401779863821544","0.317117768248758","0.294737642443989"
"Ceratina dallatorreana","above","ex","solitary","polylectic",1.2852459016,1.31147541,1.245901639,1.344262295,1.180327869,1.344262295,"yes","yes","0.27536256","0.134739516","0.562749085","0.601749005","0.351412705","1.062253088","0.369297636","0.193049679","0.696692399",97,131,52,71,"13","0.103174603174603","0.127118644067797","0.442077522078422","-0.0429171136862752","0.996061538461538","0.904","0.686907456317428","0.0203028767307354","1.24576271186441",NA,"0",NA,"0.00321457268068683","4.03740542006866","1.23265012004346","3.43030822975742","0.474255880747075","0.226076742989367","0.130024965930043"
"Ceratina nanula","above","ex","solitary","polylectic",1.0229508196,0.950819672,0.983606557,0.983606557,1.049180328,1.147540984,"yes","yes","0.199677665","0.110244575","0.361661064","0.478448859","0.313301844","0.654452948","0.264522518","0.155869924","0.448186274",74,58,32,21,"12","0.0952380952380952","0.135593220338983","0.994821036565241","-0.00043158028622996","0.9895","0.912","0.590853093118686","0.0303572645414416","1.22881355932203",NA,"0",NA,"0.00296321517016046","4.0587242319707","1.38903726804612","4.01098668854874","0.572937399950875","0.264346742620541","0.108669376479187"
"Ceratina punctigena","above","ex","solitary","polylectic",1.6195121952,1.853658537,1.56097561,1.707317073,1.463414634,1.512195122,"yes","yes","0.381297126","0.165099603","0.880604772","0.759044941","0.394737982","1.788768015","0.517775926","0.23975233","1.089108848",0,1,0,1,NA,NA,NA,NA,NA,NA,NA,NA,NA,NA,NA,NA,NA,NA,NA,NA,NA,NA,NA,NA
"Ceratina sequoiae","above","ex","solitary","oligolectic",1.4819672132,1.540983607,1.37704918,1.508196721,1.409836066,1.573770492,"yes","no","0.336505336","0.152708763","0.741515018","0.69430056","0.377505966","1.354298393","0.454772817","0.220616294","0.917439859",0,0,0,0,NA,NA,NA,NA,NA,NA,NA,NA,NA,NA,NA,NA,NA,NA,NA,NA,NA,NA,NA,NA
"Ceratina tejonensis","above","ex","solitary","polylectic",1.6097560976,1.609756098,1.463414634,1.951219512,1.414634146,1.609756098,"yes","no","0.37806701","0.164225039","0.87035853","0.754451761","0.39354029","1.446351175","0.513222618","0.238398473","1.076464813",0,0,0,0,NA,NA,NA,NA,NA,NA,NA,NA,NA,NA,NA,NA,NA,NA,NA,NA,NA,NA,NA,NA
"Ceratina timberlakei","above","ex","solitary","polylectic",NA,NA,NA,NA,NA,NA,"no","yes",NA,NA,NA,NA,NA,NA,NA,NA,NA,1,0,1,0,"1","0.00793650793650794","0.88135593220339","0.0263157894736842","-0.973684210526316","1","1","1","0.0263157894736842","1.92372881355932",NA,"0",NA,"0.000131833460244707","8196.04299273653","0","1","0.00297712315888436","0.0659056644030367","0.553043285006747"
"Chelostoma phaceliae","above","rent","solitary","oligolectic",1.0819672134,1.049180328,1.049180328,1.147540984,1.016393443,1.147540984,"yes","no","0.216086198","0.115816219","0.403166718","0.506180079","0.322265328","0.759046895","0.287125655","0.164282796","0.499500214",0,0,0,0,NA,NA,NA,NA,NA,NA,NA,NA,NA,NA,NA,NA,NA,NA,NA,NA,NA,NA,NA,NA
"Coelioxys gilensis",NA,NA,"parasite",NA,NA,NA,NA,NA,NA,NA,"no","yes",NA,NA,NA,NA,NA,NA,NA,NA,NA,1,0,1,0,"3","0.0238095238095238","0.61864406779661","0.0270187119940815","-0.324327096001973","0.984","0.984","0.572712842531054","0.00900623733136048","1.55932203389831",NA,"0",NA,"0.000372240476496844","26534.1902247895","1.09861228866811","3","0.0951112503917267","0.19771699320911","0.313963074307074"
"Coelioxys apacheiorum",NA,NA,"parasite",NA,2.3469388,2.44898,2.489796,2.040816,2.204082,2.55102,"no","yes","0.642856805","0.228754837","1.806584184","1.10182796","0.475704243","2.721003665","0.890572237","0.339440301","2.23073885",3,0,3,0,"1","0.00793650793650794","0.889830508474576","0.000985221674876847","-0.999014778325123","1","1","1","0.000985221674876847","1.60169491525424",NA,"0",NA,"0.000131842665721172","8196.04299273653","0","1","0.079520526480727","0.0659056644030367","0.149402368235614"
"Coelioxys novomexicana",NA,NA,"parasite",NA,2.55170892,2.2891566,2.612245,2.857143,2.55102,2.44898,"no","yes","0.723211571","0.246209178","2.12435207","1.198415668","0.496143763","2.458016309","1.006414072","0.36712297","2.622160343",3,0,3,0,"1","0.00793650793650794","0.788135593220339","0.00295566502463054","-0.997044334975369","1","1","1","0.00295566502463054","1.60169491525424",NA,"0",NA,"0.000372914130196458","0.525260979927648","0","1","0.079520526480727","0.0659056644030367","0.244436442339544"
"Coelioxys octodentata",NA,NA,"parasite",NA,NA,NA,NA,NA,NA,NA,"no","yes",NA,NA,NA,NA,NA,NA,NA,NA,NA,6,0,5,0,"3","0.0238095238095238","0.567796610169492","0.0227705464049325","-0.325743151198356","0.992","0.984","0.619677335393187","0.00487766476728771","1.32203389830508",NA,"0",NA,"0.000684631465668974","2.38771407267496","1.01140426470735","2.74945927399721","0.35184895017236","0.181204940201877","0.156917330897904"
"Coelioxys sp. MA","above",NA,"parasite",NA,NA,NA,NA,NA,NA,NA,"yes","no",NA,NA,NA,NA,NA,NA,NA,NA,NA,0,0,0,0,NA,NA,NA,NA,NA,NA,NA,NA,NA,NA,NA,NA,NA,NA,NA,NA,NA,NA,NA,NA
"Colletes hyalinus","below","ex","solitary","oligolectic",2.16842874,2.1686747,2.204082,2.183673,2.244898,2.040816,"no","yes","0.57509651","0.213388206","1.549926313","1.017657831","0.45714991","2.265787146","0.793314604","0.315183977","1.914479796",2,0,1,0,"1","0.00793650793650794","0.822033898305085","0.666666666666667","-0.333333333333333","1","1","1","0.666666666666667","2.00847457627119",NA,"0",NA,"0.000259751939090259","0.795904611997693","0","1","0.000235036038859292","0.0659056644030367","0.949948580966027"
"Diadasia australis",NA,NA,NA,"oligolectic",3,3,NA,NA,NA,NA,"no","yes","0.908306963","0.283850786","2.906532518","1.409988379","0.538216929","3.693802855","1.275056056","0.427255821","3.585111529",0,1,0,1,NA,NA,NA,NA,NA,NA,NA,NA,NA,NA,NA,NA,NA,NA,NA,NA,NA,NA,NA,NA
"Diadasia bituberculata","below","ex","solitary","oligolectic",3.16,3.4,3.2,2.7,3.333333,3.166667,"yes","yes","0.977248335","0.297115792","3.214283234","1.48553685","0.552466568","4.460089728","1.375678027","0.448576844","3.963817269",0,18,0,14,NA,NA,NA,NA,NA,NA,NA,NA,NA,NA,NA,NA,NA,NA,NA,NA,NA,NA,NA,NA
"Diadasia consociata","below","ex","solitary","oligolectic",1.7907317074,1.853658537,1.9,1.666667,1.733333,1.8,"yes","yes","0.439255055","0.180348134","1.069847521","0.839674973","0.415201783","1.788768015","0.599715887","0.263431968","1.322581924",5,4,5,3,"2","0.0158730158730159","0.669491525423729","0.0679261125104954","-0.466036943744752","0.998","0.992","0.823067433446373","0.0143408900083963","1.65254237288136",NA,"0",NA,"0.000586388331390955","1.23549078343898","0.500402423538188","1.64938488846612","0.25","0.108703806930688","0.195260926348054"
"Diadasia diminuta",NA,NA,NA,"oligolectic",NA,NA,NA,NA,NA,NA,"no","yes",NA,NA,NA,NA,NA,NA,NA,NA,NA,3,1,1,1,"1","0.00793650793650794","0.796610169491525","0.2","-0.8","1","1","1","0.2","1.94915254237288",NA,"0",NA,"0.000374494435229281","0.525260979927648","0","1","0.00117518019429646","0.0659056644030367","0.791204320669195"
"Diadasia enavata","below","ex","solitary","oligolectic",2.8151219512,2.536585366,2.87804878,2.829268293,2.731707317,3.1,"yes","yes","0.83049777","0.268415899","2.569618826","1.322715809","0.52127256","2.868924456","1.161843096","0.402530256","3.170415332",70,73,30,25,"16","0.126984126984127","0.110169491525424","0.659680221141748","-0.0212699861786407","0.982545454545454","0.88","0.375415959779473","0.0284327558187569","1.17796610169492",NA,"0",NA,"0.00292519734097526","6.48344938310378","2.28387667000851","9.81465493304499","0.413907418185074","0.646841354248871","0.190884939563109"
"Diadasia nigrifrons","below","ex","solitary","oligolectic",2.19375,2.40625,2.15625,2.03125,2.09375,2.28125,"yes","yes","0.584574345","0.215576975","1.585174692","1.029595329","0.459826838","2.649814692","0.806893082","0.31863209","1.957920118",0,1,0,1,NA,NA,NA,NA,NA,NA,NA,NA,NA,NA,NA,NA,NA,NA,NA,NA,NA,NA,NA,NA
"Diadasia ochracea",NA,NA,NA,"oligolectic",2.1166665,2.233333,2.166667,2.233333,1.833333,NA,"no","yes","0.555862231","0.208904208","1.479064608","0.993256923","0.451628889","2.36829593","0.765784945","0.30812737","1.827142629",1,5,1,5,"1","0.00793650793650794","0.898305084745763","0.0232558139534884","-0.976744186046512","1","1","1","0.0232558139534884","1.90677966101695",NA,"0",NA,"0.000131901707321725","8196.04299273653","0","1","0.00336884989031652","0.0659056644030367","0.537854617230816"
"Diadasia rinconis",NA,NA,NA,"oligolectic",3.625,3.5625,3.6875,NA,NA,NA,"no","yes","1.185632718","0.335222568","4.193407833","1.705194924","0.591956975","4.784999401","1.6814067","0.510168961","5.168180274",0,3,0,3,NA,NA,NA,NA,NA,NA,NA,NA,NA,NA,NA,NA,NA,NA,NA,NA,NA,NA,NA,NA
"Dianthidium ulkei","mix","rent","solitary","oligolectic",2.0195149608,1.836065574,1.93442623,2.233333,2.15625,1.9375,"yes","yes","0.520279567","0.200452109","1.350401497","0.947466673","0.441082261","1.763259765","0.71495309","0.294853454","1.668540818",1,0,1,0,"1","0.00793650793650794","0.906779661016949","0.00425531914893617","-0.995744680851064","1","1","1","0.00425531914893617","1.83898305084746",NA,"0",NA,"0.000131805185026679","8196.04299273653","0","1","0.0184111563773112","0.0659056644030367","0.329170966823183"
"Dioxys pomonae","above",NA,"parasite",NA,NA,NA,NA,NA,NA,NA,"yes","no",NA,NA,NA,NA,NA,NA,NA,NA,NA,0,0,0,0,NA,NA,NA,NA,NA,NA,NA,NA,NA,NA,NA,NA,NA,NA,NA,NA,NA,NA,NA,NA
"Dufourea sp. 2","below","ex","solitary","oligolectic",1.606557377,1.606557377,NA,NA,NA,NA,"yes","no","0.37700969","0.163938158","0.867011735","0.752945828","0.393146818","1.442024693","0.511732499","0.237954473","1.07233474",0,0,0,0,NA,NA,NA,NA,NA,NA,NA,NA,NA,NA,NA,NA,NA,NA,NA,NA,NA,NA,NA,NA
"Eucera actuosa","below","ex","solitary","polylectic",2.7317073172,2.682926829,2.780487805,2.585365854,2.829268293,2.780487805,"yes","yes","0.796060227","0.261412085","2.424187412","1.28334792","0.513446606","3.121817664","1.111863462","0.391341355","2.991371682",35,588,6,70,"7","0.0555555555555556","0.288135593220339","1.37734552824055","0.0539065040343647","0.997230769230769","0.952","0.748728445909654","0.280613764133399","1.47457627118644",NA,"0.0140198211264201",NA,"0.00215125947240112","2.63118945922234","1.01622254514889","2.7627389066476","0.103993374222143","0.182080143214729","0.664308383677582"
"Eucera amsinckiae","below","ex","solitary","oligolectic",3.1414634148,3.073170732,3.12195122,3.12195122,2.926829268,3.463414634,"yes","no","0.969186678","0.295583231","3.177862332","1.47678338","0.550834357","3.830328752","1.363897395","0.446110263","3.919003562",0,0,0,0,NA,NA,NA,NA,NA,NA,NA,NA,NA,NA,NA,NA,NA,NA,NA,NA,NA,NA,NA,NA
"Eucera dorsata","below","ex","solitary","polylectic",3.13333333333333,3,3.2,3.2,NA,NA,"yes","no","0.965656975","0.294910711","3.161951597","1.472944212","0.550116966","3.693802855","1.35874056","0.445028141","3.899426009",0,0,0,0,NA,NA,NA,NA,NA,NA,NA,NA,NA,NA,NA,NA,NA,NA,NA,NA,NA,NA,NA,NA
"Eucera edwardsii","below",NA,NA,"polylectic",NA,NA,NA,NA,NA,NA,"no","yes",NA,NA,NA,NA,NA,NA,NA,NA,NA,0,1,0,1,NA,NA,NA,NA,NA,NA,NA,NA,NA,NA,NA,NA,NA,NA,NA,NA,NA,NA,NA,NA
"Eucera frater albopilosa","below","ex","solitary","polylectic",3.9,3.9,4,4,3.8,3.8,"yes","yes","1.31420439","0.357476649","4.831457333","1.835161404","0.614130898","5.48387549","1.871094338","0.546357051","5.952655969",1,6,1,6,"1","0.00793650793650794","0.915254237288136","0.00925925925925926","-0.990740740740741","1","1","1","0.00925925925925926","1.83898305084746",NA,"0",NA,"0.000131854571551139","8196.04299273653","0","1","0.0084612973989345","0.0659056644030367","0.424698165060046"
"Eucera lunata","below","ex","solitary","polylectic",3.76666666666667,3.7,4,3.6,NA,NA,"yes","no","1.251387838","0.346711364","4.516643195","1.772141988","0.603480485","5.065858293","1.778324977","0.528832048","5.565626127",0,0,0,0,NA,NA,NA,NA,NA,NA,NA,NA,NA,NA,NA,NA,NA,NA,NA,NA,NA,NA,NA,NA
"Eucera stretchii","below","ex","solitary","polylectic",3.073170732,3.073170732,NA,NA,NA,NA,"yes","no","0.939653625","0.289927455","3.045413324","1.44453578","0.544779249","3.830328752","1.320772501","0.437014927","3.756023296",0,0,0,0,NA,NA,NA,NA,NA,NA,NA,NA,NA,NA,NA,NA,NA,NA,NA,NA,NA,NA,NA,NA
"Eucera virgata","below","ex","solitary","polylectic",3.02,3,2.9,2.8,3.3,3.1,"yes","no","0.916844413","0.285513505","2.944181841","1.41943096","0.540018457","3.693802855","1.287501309","0.429924779","3.631445928",0,0,0,0,NA,NA,NA,NA,NA,NA,NA,NA,NA,NA,NA,NA,NA,NA,NA,NA,NA,NA,NA,NA
"Habropoda depressa","below","ex","solitary","polylectic",4.48,4.8,4.6,4.5,4.3,4.2,"yes","no","1.597505454","0.403808994","6.319878242","2.109405272","0.658480705","7.497312412","2.291488932","0.622169917","7.781796019",0,0,0,0,NA,NA,NA,NA,NA,NA,NA,NA,NA,NA,NA,NA,NA,NA,NA,NA,NA,NA,NA,NA
"Habropoda tristissima","below","ex","solitary","polylectic",4.26,4.6,4.1,4.3,4,4.3,"yes","no","1.48816813","0.386325511","5.732586425","2.005361618","0.642014953","7.031810138","2.128872955","0.593490492","7.060195314",0,0,0,0,NA,NA,NA,NA,NA,NA,NA,NA,NA,NA,NA,NA,NA,NA,NA,NA,NA,NA,NA,NA
"Halictus farinosus","below","ex","social","polylectic",2.1268292684,2.146341463,2.048780488,2.243902439,2.097560976,2.097560976,"yes","no","0.559623625","0.209785613","1.492850712","0.998047478","0.452718112","2.230735812","0.77116573","0.30951368","1.844134747",0,0,0,0,NA,NA,NA,NA,NA,NA,NA,NA,NA,NA,NA,NA,NA,NA,NA,NA,NA,NA,NA,NA
"Halictus ligatus","below","ex","social","polylectic",1.5317073168,1.414634146,1.414634146,1.902439024,1.463414634,1.463414634,"yes","yes","0.352515707","0.157205061","0.790479156","0.717710923","0.383825814","1.190572003","0.477257882","0.227548779","0.977880555",1210,780,288,168,"48","0.380952380952381","0.0169491525423729","9.61844822928305","0.17955100477673","0.982502673796791","0.624","0.369309869539999","0.179521368541019","1.05084745762712",NA,"0.0271936185641769",NA,"0.0041616888585266","10.028558642471","2.49524006122044","12.1246438260438","0.666570093320349","0.79908270700559","0.163732112607208"
"Halictus tripartitus","below","ex","social","polylectic",1.2915664,1.349398,1.445783,1.228916,1.228916,1.204819,"yes","yes","0.277271105","0.135321788","0.568121857","0.604721665","0.352280757","1.108852543","0.371955499","0.193939296","0.703328992",4193,11274,469,308,"73","0.579365079365079","0.00847457627118644","25.7230253434263","0.338671580046935","0.984903581267218","0.424","0.489495210331614","0.419047763131325","1.01694915254237",NA,"0.47897026831037",NA,"0.00425995626338153","12.5565761967546","2.07326506484762","7.9507404671236","0.780853563576949","0.523998832981891","0.153578825557716"
"Heriades occidentalis","above","rent","solitary","polylectic",1.3967213116,1.475409836,1.31147541,1.442622951,1.409836066,1.344262295,"yes","yes","0.309575226","0.144959941","0.661126242","0.654187595","0.366424457","1.26844172","0.417045251","0.208700903","0.818189285",2,0,2,0,"2","0.0158730158730159","0.728813559322034","0.00483137552103069","-0.497584312239485","0.992","0.992","0.70427267446636","0.00241568776051535","1.52542372881356",NA,"0",NA,"0.000255722057927819","17872.483199054","0.693147180559945","2","0.099890316515199","0.131811328806073","0.229516739949637"
"Hesperapis ilicifoliae","below","ex","solitary","oligolectic",1.423168092,1.409836066,1.475409836,1.409836066,1.3975904,NA,"yes","no","0.317860267","0.147369911","0.685588726","0.666631131","0.369897506","1.184495282","0.428639244","0.212402308","0.848394178",0,1,0,1,NA,NA,NA,NA,NA,NA,NA,NA,NA,NA,NA,NA,NA,NA,NA,NA,NA,NA,NA,NA
"Hesperapis regularis","below","ex","solitary","oligolectic",2.0487804878,2.097560976,1.951219512,2.048780488,1.902439024,2.243902439,"yes","no","0.53092643","0.203003258","1.388563299","0.961259311","0.444285328","2.15481789","0.730149198","0.298856168","1.71558591",0,0,0,0,NA,NA,NA,NA,NA,NA,NA,NA,NA,NA,NA,NA,NA,NA,NA,NA,NA,NA,NA,NA
"Hoplitis albifrons maura","above","rent","solitary","polylectic",2.6341463412,3.024390244,2.87804878,2.43902439,2.43902439,2.390243902,"yes","no","0.756323981","0.253187529","2.259297554","1.237310516","0.504141147","3.739126355","1.054296689","0.378227619","2.788343102",0,0,0,0,NA,NA,NA,NA,NA,NA,NA,NA,NA,NA,NA,NA,NA,NA,NA,NA,NA,NA,NA,NA
"Hoplitis fulgida platyura","above","rent","solitary","polylectic",1.508196721,1.508196721,NA,NA,NA,NA,"yes","no","0.344921236","0.155082038","0.767146605","0.706645139","0.380851538","1.311133876","0.466587179","0.2242738","0.949080237",0,0,0,0,NA,NA,NA,NA,NA,NA,NA,NA,NA,NA,NA,NA,NA,NA,NA,NA,NA,NA,NA,NA
"Hoplitis grinnelli","above","rent","solitary","polylectic",1.278688525,1.278688525,NA,NA,NA,NA,"yes","no","0.27338653","0.134135055","0.55720106","0.598665006","0.350509875","1.022509822","0.366546536","0.192126431","0.689839178",0,0,0,0,NA,NA,NA,NA,NA,NA,NA,NA,NA,NA,NA,NA,NA,NA,NA,NA,NA,NA,NA,NA
"Hoplitis howardi","above","rent","solitary","oligolectic",1.147540984,1.147540984,NA,NA,NA,NA,"yes","no","0.23475063","0.121964025","0.45183699","0.53700056","0.331944193","0.868729166","0.312916086","0.173596747","0.55965683",0,0,0,0,NA,NA,NA,NA,NA,NA,NA,NA,NA,NA,NA,NA,NA,NA,NA,NA,NA,NA,NA,NA
"Hoplitis hypocrita","above","rent","solitary","polylectic",2.5853658538,2.536585366,2.585365854,2.536585366,2.585365854,2.682926829,"yes","no","0.736678545","0.249061493","2.178961001","1.21429469","0.499424165","2.868924456","1.025878256","0.371659374","2.689412957",0,0,0,0,NA,NA,NA,NA,NA,NA,NA,NA,NA,NA,NA,NA,NA,NA,NA,NA,NA,NA,NA,NA
"Hoplitis producta gracilis","above","rent","solitary","polylectic",1.2655737704,1.245901639,1.147540984,1.37704918,1.245901639,1.31147541,"yes","yes","0.269446874","0.132925007","0.546184797","0.592497223","0.348697284","0.983279043","0.361063877","0.190279041","0.676230842",8,43,4,14,"4","0.0317460317460317","0.491525423728814","0.0993479036819417","-0.225163024079515","0.989333333333333","0.976","0.548243949872161","0.0245231361812455","1.72881355932203",NA,"0",NA,"0.000685397637036908","3.87836467239563","1.27703425946614","3.58598882705695","0.0224851143842056","0.236336976189055","0.473116620839561"
"Hoplitis sambuci","above","rent","solitary","polylectic",2.2341463416,2.097560976,2.341463415,2.243902439,2.195121951,2.292682927,"yes","no","0.599787329","0.219062525","1.642201651","1.048641136","0.464065883","2.15481789","0.828705614","0.324127886","2.028195934",0,0,0,0,NA,NA,NA,NA,NA,NA,NA,NA,NA,NA,NA,NA,NA,NA,NA,NA,NA,NA,NA,NA
"Hylaeus bisinuatus","above","rent","solitary","polylectic",1.1461212,1.156627,1.125,1.061224,1.285714,1.102041,"yes","yes","0.234341794","0.121831373","0.450754801","0.536333158","0.331737585","0.879109738","0.312350294","0.173395445","0.558319404",7,0,7,0,"4","0.0317460317460317","0.5","0.0232409791304409","-0.24418975521739","0.994","0.976","0.618754509363078","0.0038208074325196","1.3135593220339",NA,"0",NA,"0.000778098522020158","3.87836465825847","1.15374194270109","3.17003282492367","0.37268881228455","0.20892311950603","0.116612854774396"
"Hylaeus calvus","above","rent","solitary","polylectic",1.1606557378,1.147540984,1.049180328,1.278688525,1.245901639,1.081967213,"yes","yes","0.238536843","0.123188414","0.461892668","0.543165627","0.333846679","0.868729166","0.318157645","0.175455468","0.572083815",12,0,7,0,"4","0.0317460317460317","0.457627118644068","0.416305916305916","-0.145923520923521","0.994285714285714","0.976","0.6308724118235","0.122955747955748","1.78813559322034",NA,"0",NA,"0.00118472307920836","2.1010429031684","1.11874333598575","3.0610051303091","0.00806957066750235","0.201737576854125","0.678220604988963"
"Hylaeus conspicuus","above","rent","solitary","polylectic",1.1518072,1.156627,1.108434,1.204819,1.204819,1.084337,"yes","yes","0.235980354","0.122362503","0.455096342","0.539006015","0.33256425","0.879109738","0.31461814","0.174201533","0.563684862",27,10,13,9,"7","0.0555555555555556","0.296610169491525","0.0909004961173367","-0.129871357697523","0.992571428571429","0.952","0.572712842531054","0.0277191615999928","1.38983050847458",NA,"0",NA,"0.0019731385379276","3.06618405961537","1.42657952703315","4.1644304810821","0.198115069001938","0.274459557715973","0.312792769494582"
"Hylaeus episcopalis","above","rent","solitary","polylectic",1.277551,1.22449,1.428571,1.22449,1.285714,1.22449,"no","yes","0.273044164","0.13403016","0.556241336","0.598130024","0.350353025","0.957938961","0.366069957","0.191966242","0.68865366",1,0,1,0,"1","0.00793650793650794","0.923728813559322","0.000985221674876847","-0.999014778325123","1","1","1","0.000985221674876847","1.60169491525424",NA,"0",NA,"0.000131842665721172","8196.04299273653","0","1","0.079520526480727","0.0659056644030367","0.149402368235614"
"Hylaeus leptocephalus","above","rent","solitary","oligolectic",NA,NA,NA,NA,NA,NA,"no","yes",NA,NA,NA,NA,NA,NA,NA,NA,NA,1,0,1,0,"1","0.00793650793650794","0.932203389830508","0.000292056074766355","-0.999707943925234","1","1","1","0.000292056074766355","1.50847457627119",NA,"0",NA,"0.000131799957128366","8196.04299273653","0","1","0.268254465684738","0.0659056644030367","0"
"Hylaeus mesillae","above","rent","solitary","polylectic",0.94375,0.84375,0.96875,1.03125,1,0.875,"yes","yes","0.178259715","0.102705511","0.309394556","0.44124463","0.300858376","0.546680583","0.235126536","0.144531375","0.383549533",350,43,113,32,"23","0.182539682539683","0.0508474576271186","1.71708779312577","0.0311777301359032","0.979216494845361","0.824","0.40161912352168","0.0916210154001773","1.13559322033898",NA,"0",NA,"0.0039069256830817","5.52743546152625","2.16287973478577","8.69614422406779","0.485205076239675","0.573125162831817","0.248153335633637"
"Hylaeus rudbeckiae","above","rent","solitary","polylectic",0.9669902912,0.932038835,0.912621359,1.029126214,1.048543689,0.912621359,"yes","yes","0.184471277","0.104925402","0.324322343","0.452160239","0.30456182","0.635080918","0.243638633","0.147864483","0.402012702",4,0,4,0,"3","0.0238095238095238","0.593220338983051","0.0252257430774189","-0.324924752307527","0.992","0.984","0.608276253029822","0.00822951269243164","1.43220338983051",NA,"0",NA,"0.00048235498151958","5.4525502646135","1.03972077083992","2.82842712474619","0.274913820119085","0.186409368871968","0.265850595477755"
"Hylaeus verticalis","above","rent","solitary","polylectic",1.3664727755,1.442622951,1.2903226,NA,NA,NA,"yes","no","0.30017741","0.142196751","0.633674658","0.639956595","0.36241183","1.226227079","0.403908428","0.204462013","0.784290632",0,0,0,0,NA,NA,NA,NA,NA,NA,NA,NA,NA,NA,NA,NA,NA,NA,NA,NA,NA,NA,NA,NA
"Lasioglossum (Dialictus)","below","ex","social","polylectic",1.055737705,0.754098361,0.950819672,1.31147541,1.245901639,1.016393443,"yes","yes","0.208747197","0.113344595","0.384450554","0.493854225","0.31831236","0.461589317","0.277007584","0.160547395","0.47636274",481,523,193,183,NA,NA,NA,NA,NA,NA,NA,NA,NA,NA,NA,NA,NA,NA,NA,NA,NA,NA,NA,NA
"Lasioglossum (Dialictus) incompletum","below","ex","social","polylectic",0.9414634144,0.902439024,0.975609756,0.902439024,1.024390244,0.902439024,"yes","yes","0.177651907","0.102486743","0.307944218","0.440170721","0.300491561","0.604949173","0.234294222","0.144203157","0.381755603",3394,19652,522,313,"90","0.714285714285714","0","37.7775058464307","0.40863895384923","0.986643533123028","0.288","0.451611800370698","0.338870378117533","1.02542372881356",NA,"0.273970671178793",NA,"0.00424463608192519","16.9810879628547","2.36450952610822","10.6388194744473","0.796581643257185","0.701158465927417","0.120859846675108"
"Lasioglossum (Dialictus) sp. B","below","ex","social","polylectic",1.2983606558,1.37704918,1.31147541,1.278688525,1.31147541,1.213114754,"yes","yes","0.279326959","0.13594732","0.573924885","0.607917217","0.353211522","1.143251843","0.37481929","0.194895289","0.710496891",77,265,40,97,"14","0.111111111111111","0.11864406779661","0.368200631256127","-0.0451285263388481","0.984307692307692","0.896","0.424102636215414","0.0173433325012422","1.21186440677966",NA,"0",NA,"0.00302314090026661","5.00732175230266","2.0598916425857","7.84511968737651","0.654895871912481","0.517037825317892","0.0899300960211547"
"Lasioglossum (Dialictus) sp. B-1","below","ex","social","polylectic",1.17419356,1.0967742,1.0967742,1.1774194,1.2096774,1.2903226,"no","yes","0.242463545","0.124450546","0.472384992","0.549529903","0.335799362","0.811497915","0.323597057","0.177372766","0.585049768",27,0,17,0,"7","0.0555555555555556","0.305084745762712","0.331849664326493","-0.0954500479533581","0.981","0.952","0.422689799577263","0.0365440829283","1.39830508474576",NA,"0",NA,"0.00196864041691505","3.06617774461691","1.8126447004836","6.12662912394174","0.532234757477628","0.403779562964375","0.21098172797591"
"Lasioglossum (Dialictus) sp. C","below","ex","social","polylectic",1.2051071832,1.180327869,1.213114754,1.213114754,1.245901639,1.1730769,"yes","yes","0.251499378","0.127326066","0.496771315","0.564063969","0.340216783","0.90638169","0.336126542","0.181745742","0.615182845",11,10,8,8,"6","0.0476190476190476","0.355932203389831","0.201601197048954","-0.133066467158508","0.978666666666667","0.96","0.4284895632161","0.0301279484391408","1.39830508474576",NA,"0",NA,"0.00110726106964084","5.40280396292071","1.72019345921983","5.58560894730718","0.217700350417367","0.368123268767826","0.354081868397935"
"Lasioglossum (Dialictus) sp. D","below","ex","social","polylectic",1.13548388,1.115385,1.173077,1.211538,1.0483871,1.1290323,"no","yes","0.231285295","0.120836884","0.442686754","0.531332961","0.330185575","0.832326244","0.308121577","0.171886748","0.548348267",14,17,13,15,"5","0.0396825396825397","0.389830508474576","0.389408995064089","-0.122118200987182","0.995555555555556","0.968","0.666761897960155","0.0296449194828843","1.35593220338983",NA,"0",NA,"0.001249610646982","2.78237619070147","1.12753478981913","3.08803445503579","0.375173478981063","0.203518962458603","0.151301839436539"
"Lasioglossum (Dialictus) sp. E","below","ex","social","polylectic",1.1213114754,1.147540984,1.147540984,1.114754098,1.081967213,1.114754098,"yes","yes","0.227231162","0.119510143","0.432047022","0.524671385","0.328106515","0.868729166","0.302515917","0.169875287","0.535198211",26,0,9,0,"7","0.0555555555555556","0.313559322033898","0.660443339796087","-0.0485080943148447","0.989090909090909","0.952","0.53316072157426","0.0387388035683865","1.33050847457627",NA,"0",NA,"0.0018914765032523","3.14331511347551","1.49713618969608","4.46887272355178","0.394926837499699","0.294524025978288","0.217173411903595"
"Lasioglossum (Dialictus) sp. F","below","ex","social","polylectic",1.0163934428,1.016393443,0.950819672,1.049180328,1.049180328,1.016393443,"yes","yes","0.197877828","0.109623139","0.357184034","0.475368051","0.312290207","0.723605092","0.26204742","0.154933309","0.442650505",10,0,7,0,"3","0.0238095238095238","0.550847457627119","0.0110928784384701","-0.329635707187177","0.996571428571429","0.984","0.732338719446132","0.00320928580328055","1.39830508474576",NA,"0",NA,"0.00103122147858205","1.45308758935639","0.801818552543337","2.22959187392042","0.386195549984331","0.146942733798337","0.0987578608334335"
"Lasioglossum (Dialictus) sp. I","below","ex","social","polylectic",0.77741936,0.8064516,0.7258065,0.7580645,0.8064516,0.7903226,"no","yes","0.135674676","0.086612289","0.212528936","0.363159128","0.272907846","0.510693114","0.177097635","0.120516844","0.26368932",5,8,5,8,"2","0.0158730158730159","0.652542372881356","0.00841460111065962","-0.49579269944467","0.996","0.992","0.742967024840268","0.00319427513657501","1.47457627118644",NA,"0",NA,"0.000684982761873422","1.05052247122042","0.636514168294813","1.88988157484231","0.289877781259793","0.12455390083304","0.144161912947002"
"Lasioglossum (Dialictus) sp. H","below","ex","social","polylectic",0.9580645,0.9677419,0.9677419,0.8870968,1,0.9677419,"no","yes","0.182078343","0.10407359","0.318548856","0.44796779","0.303144745","0.672074623","0.240358126","0.146584953","0.394872097",6,0,3,0,"3","0.0238095238095238","0.576271186440678","0.0244924544111263","-0.325169181862958","0.994666666666667","0.984","0.659939391156491","0.00527632463537387","1.38135593220339",NA,"0",NA,"0.000586398038199198","3.16654023865532","0.950270539233235","2.58640928985893","0.45219366969602","0.170459022666339","0.102858373263389"
"Lasioglossum (Dialictus) sp. J","below","ex","social","polylectic",1.16826925,1.2115385,1.125,NA,NA,NA,"no","yes","0.240742888","0.12389844","0.4677794","0.54674478","0.33494623","0.942719475","0.321213122","0.176533905","0.57935846",0,1,0,1,NA,NA,NA,NA,NA,NA,NA,NA,NA,NA,NA,NA,NA,NA,NA,NA,NA,NA,NA,NA
"Lasioglossum (Dialictus) sp. K","below","ex","social","polylectic",1.144230775,1.1153846,1.1538462,1.0576923,1.25,NA,"no","yes","0.233797756","0.121654718","0.449315828","0.535444526","0.331462293","0.832325795","0.311597452","0.17312739","0.556541036",1,3,1,3,"1","0.00793650793650794","0.940677966101695","0.000314861460957179","-0.999685138539043","1","1","1","0.000314861460957179","1.66949152542373",NA,"0",NA,"0.000131788921280722","8196.04299273653","0","1","0.248824819805704","0.0659056644030367","0.00923835065787094"
"Lasioglossum (Dialictus) sp. R","below","ex","social","polylectic",0.81451615,0.6935484,0.9354839,NA,NA,NA,"no","yes","0.144878014","0.0902349","0.232611095","0.380568537","0.279381193","0.406917121","0.189586175","0.125898601","0.288547277",0,2,0,1,NA,NA,NA,NA,NA,NA,NA,NA,NA,NA,NA,NA,NA,NA,NA,NA,NA,NA,NA,NA
"Lasioglossum (Dialictus) tegulariforme","below","ex","social","polylectic",0.8780487804,0.87804878,0.804878049,0.87804878,0.975609756,0.853658537,"yes","yes","0.16103838","0.096393331","0.269036869","0.410392452","0.290136026","0.580493112","0.211587587","0.135080178","0.333623544",343,615,144,150,"31","0.246031746031746","0.0254237288135593","3.55066178510025","0.0822794124225887","0.99","0.76","0.504553595332795","0.0605775773007745","1.11864406779661",NA,"0",NA,"0.00390177304332206","8.27721904039146","1.94845529292504","7.01783869848555","0.644876122720883","0.462515322097032","0.124202431929787"
"Lasioglossum (Evylaeus)","below","ex","social","polylectic",1.2983606558,1.31147541,1.737704918,1.180327869,0.983606557,1.278688525,"yes","yes","0.279326959","0.13594732","0.573924885","0.607917217","0.353211522","1.062253088","0.37481929","0.194895289","0.710496891",7,2,2,2,NA,NA,NA,NA,NA,NA,NA,NA,NA,NA,NA,NA,NA,NA,NA,NA,NA,NA,NA,NA
"Lasioglossum (Evylaeus) kincaidii","below","ex","social","polylectic",1.445783,1.518072,1.39759,1.445783,1.445783,1.421687,"no","yes","0.324994927","0.149426403","0.706847659","0.677272553","0.37284198","1.324085377","0.438632688","0.215563989","0.874641542",14,14,10,11,"8","0.0634920634920635","0.271186440677966","0.267998257868654","-0.0915002177664182","0.992","0.944","0.529150262212918","0.0200873170877754","1.44067796610169",NA,"0",NA,"0.00131423431444616","7.75672871812525","1.6661022550876","5.29150262212918","0.392409455164078","0.348739996001834","0.183928311760499"
"Lasioglossum (Evylaeus) sp. 4","below","ex","social","polylectic",NA,NA,NA,NA,NA,NA,"no","yes",NA,NA,NA,NA,NA,NA,NA,NA,NA,1,0,1,0,"1","0.00793650793650794","0.949152542372881","0.000292056074766355","-0.999707943925234","1","1","1","0.000292056074766355","1.50847457627119",NA,"0",NA,"0.000131799957128366","8196.04299273653","0","1","0.268254465684738","0.0659056644030367","0"
"Lasioglossum (Evylaeus) sp. A","below","ex","social","polylectic",1.4829268294,1.512195122,1.365853659,1.463414634,1.56097561,1.512195122,"yes","no","0.336812171","0.152795679","0.742445333","0.694752174","0.377628881","1.316372653","0.45520336","0.220750177","0.918588309",0,0,0,0,NA,NA,NA,NA,NA,NA,NA,NA,NA,NA,NA,NA,NA,NA,NA,NA,NA,NA,NA,NA
"Lasioglossum (Evylaeus) sp. B","below","ex","social","polylectic",1.443902439,1.463414634,1.463414634,1.56097561,1.317073171,1.414634146,"yes","no","0.324399892","0.149255543","0.705067886","0.676387628","0.372598007","1.252941668","0.437798904","0.215301196","0.872444212",0,0,0,0,NA,NA,NA,NA,NA,NA,NA,NA,NA,NA,NA,NA,NA,NA,NA,NA,NA,NA,NA,NA
"Lasioglossum (Evylaeus) sp. C","below","ex","social","polylectic",1.5688000905,1.639344262,1.6129032,1.5806452,1.4423077,NA,"yes","yes","0.364594383","0.160546579","0.827978179","0.735171019","0.388472572","1.486576956","0.494247221","0.232709332","1.024163155",1,4,1,2,"1","0.00793650793650794","0.957627118644068","0.000314861460957179","-0.999685138539043","1","1","1","0.000314861460957179","1.66949152542373",NA,"0",NA,"0.000131788921280722","8196.04299273653","0","1","0.248824819805704","0.0659056644030367","0.00923835065787094"
"Lasioglossum (Evylaeus) sp. D","below","ex","social","polylectic",1.6780487806,1.804878049,1.609756098,1.707317073,1.56097561,1.707317073,"yes","no","0.400843763","0.170333751","0.943299384","0.78660662","0.40185004","1.718344262","0.545360749","0.247864832","1.16646801",0,0,0,0,NA,NA,NA,NA,NA,NA,NA,NA,NA,NA,NA,NA,NA,NA,NA,NA,NA,NA,NA,NA
"Lasioglossum (Evylaeus) sp. E","below","ex","social","polylectic",1.0950819672,1.147540984,1.114754098,1.081967213,1.081967213,1.049180328,"yes","yes","0.219783121","0.117049305","0.412686093","0.512343515","0.324223948","0.868729166","0.292227505","0.166148356","0.511267415",2,69,2,9,"2","0.0158730158730159","0.73728813559322","0.00391524448056346","-0.498042377759718","0.992","0.992","0.70427267446636","0.00195762224028173","1.47457627118644",NA,"0",NA,"0.000255656492008783","17872.483199054","0.693147180559945","2","0.289877781259793","0.131811328806073","0.15078296615723"
"Lasioglossum (Evylaeus) sp. F","below","ex","social","polylectic",1.23975409825,1.213114754,1.245901639,1.2903226,1.2096774,NA,"yes","yes","0.261739345","0.13053827","0.524807665","0.580355248","0.345101249","0.944567372","0.35034653","0.186638465","0.649822006",1,0,1,0,"1","0.00793650793650794","0.966101694915254","0.000292056074766355","-0.999707943925234","1","1","1","0.000292056074766355","1.50847457627119",NA,"0",NA,"0.000131799957128366","8196.04299273653","0","1","0.268254465684738","0.0659056644030367","0"
"Lasioglossum (Evylaeus) sp. G","below","ex","social","polylectic",1.892682927,1.853658537,1.951219512,1.853658537,2,1.804878049,"yes","no","0.474870301","0.189343131","1.190969017","0.887702247","0.42692632","1.788768015","0.650277615","0.277463477","1.471962431",0,0,0,0,NA,NA,NA,NA,NA,NA,NA,NA,NA,NA,NA,NA,NA,NA,NA,NA,NA,NA,NA,NA
"Lasioglossum (Evylaeus) sp. I","below","ex","social","polylectic",1.6524590164,1.639344262,1.770491803,1.737704918,1.573770492,1.540983607,"yes","no","0.392263967","0.168048362","0.915635343","0.774557254","0.398756369","1.486576956","0.533246186","0.244320606","1.132334694",0,0,0,0,NA,NA,NA,NA,NA,NA,NA,NA,NA,NA,NA,NA,NA,NA,NA,NA,NA,NA,NA,NA
"Lasioglossum (Evylaeus) sp. red ab","below","ex","social","polylectic",1.357377049,1.245901639,1.37704918,1.344262295,1.37704918,1.442622951,"yes","no","0.297367963","0.14136442","0.625530142","0.635677615","0.361196619","0.983279043","0.399984249","0.203186233","0.774232729",0,0,0,0,NA,NA,NA,NA,NA,NA,NA,NA,NA,NA,NA,NA,NA,NA,NA,NA,NA,NA,NA,NA
"Lasioglossum mellipes","below","ex","solitary","polylectic",1.78313252,1.686747,1.8072289,1.686747,1.9277108,1.8072289,"yes","yes","0.436632804","0.179675227","1.061071183","0.836095627","0.414314734","1.551790172","0.595999213","0.262384119","1.311756543",2,1,1,1,"2","0.0158730158730159","0.745762711864407","0.0772151329978433","-0.461392433501078","0.992","0.992","0.70427267446636","0.0386075664989216","1.50847457627119",NA,"0",NA,"0.000255598706669486","17872.483199054","0.693147180559945","2","0.269272955186462","0.131811328806073","0.339368470457749"
"Lasioglossum sisymbrii",NA,NA,NA,"polylectic",1.91999986,2,1.933333,1.733333,1.9333333,2,"no","yes","0.484548612","0.191743186","1.224488663","0.900572748","0.430014129","2.005657676","0.664043134","0.281214933","1.513296414",9,1,7,1,"4","0.0317460317460317","0.466101694915254","0.318234572260071","-0.170441356934982","0.99","0.976","0.572712842531054","0.130792196205725","1.43220338983051",NA,"0",NA,"0.000950833202571396","2.75920033116691","1.21488965394912","3.36992218619932","0.280162958320276","0.222096960668","0.440445775338114"
"Lasioglossum titusi","below","ex","solitary","polylectic",1.8983250098,2,1.951219512,1.853658537,1.6385542,2.0481928,"yes","yes","0.476864634","0.189839184","1.197855338","0.890360473","0.427565887","2.005657676","0.653113297","0.278238586","1.48045435",22,11,11,11,"6","0.0476190476190476","0.338983050847458","0.100019850483266","-0.149996691586122","0.997","0.96","0.736082999272624","0.0214782122675791","1.39830508474576",NA,"0",NA,"0.00175801474818207","2.71773019461294","1.01160091167848","2.75","0.13359306002678","0.181240577108351","0.337748643739739"
"Megachile angelarum","above","rent","solitary","polylectic",2.1658536586,2.048780488,2.292682927,2.243902439,2.146341463,2.097560976,"yes","yes","0.574135167","0.213165444","1.546363161","1.016443866","0.456876808","2.079788382","0.791937805","0.314833175","1.910088422",42,0,22,0,"10","0.0793650793650794","0.177966101694915","0.735833334210522","-0.0264166665789478","0.992","0.928","0.533452367668781","0.117714289965759","1.32203389830508",NA,"0.00046329868664894",NA,"0.00243176831280705","4.15235114610076","1.68772257293154","5.40715227695297","0.132545402993538","0.356361963340978","0.527381141769782"
"Megachile apicalis","mix","rent","solitary","oligolectic",2.3121951222,2.243902439,2.292682927,2.585365854,2.341463415,2.097560976,"yes","yes","0.62949798","0.225775429","1.755140979","1.085443462","0.472149479","2.385197118","0.871365639","0.334728618","2.167358054",143,57,90,37,"23","0.182539682539683","0.0677966101694915","1.89103030705224","0.0387404481327061","0.983659574468085","0.824","0.387151966059463","0.0762470570329891","1.07627118644068",NA,"0",NA,"0.00340314274271842","7.74927108287532","2.35314461387346","10.5185946909244","0.353083848148091","0.693234971691624","0.292066921200521"
"Megachile brevis","mix","rent","solitary","polylectic",2.45783135,2.4096386,2.5060241,NA,NA,NA,"yes","yes","0.686032581","0.23822907","1.97558049","1.154130169","0.486878491","2.655436981","0.952750989","0.354449778","2.4389235",6,6,6,6,"6","0.0476190476190476","0.364406779661017","0.225915702251671","-0.129014049624721","0.96","0.96","0.4","0.0376526170419452","1.58474576271186",NA,"0",NA,"0.000570169112595874","52461.7204453646","1.79175946922805","6","0.181003865037083","0.39543398641822","0.422064128712879"
"Megachile coquilletti","above","rent","solitary","polylectic",3.36,3.3,3.5,3.5,3.2,3.3,"yes","yes","1.065444345","0.313583595","3.619996928","1.579996684","0.569783328","4.263994272","1.504797003","0.475133321","4.462949116",17,5,17,5,"8","0.0634920634920635","0.26271186440678","0.409644624074909","-0.0737944219906364","0.992","0.944","0.532329785001741","0.032523287088973","1.35593220338983",NA,"0",NA,"0.00138005840867979","6.36723427179627","1.64622455382987","5.18735821860404","0.128016295832028","0.341876289893652","0.331112619893549"
"Megachile fidelis","above","rent","solitary","polylectic",2.6,2.8571429,2.4761905,2.6190476,2.6190476,2.4285714,"yes","yes","0.742556434","0.250300285","2.202914226","1.221199233","0.50084387","3.43209906","1.03437801","0.373630658","2.718910907",16,1,12,1,"5","0.0396825396825397","0.372881355932203","0.0453939298405826","-0.190921214031883","0.984","0.968","0.488262224629348","0.0105623222856188","1.24576271186441",NA,"0",NA,"0.00137993852257781","2.62630618679228","1.48975031885059","4.4359877981887","0.426177791705839","0.29235672312339","0.18436532329025"
"Megachile frugalis","above","rent","solitary","polylectic",2.6536585366,2.682926829,2.780487805,2.585365854,2.682926829,2.536585366,"yes","yes","0.764223965","0.254835347","2.291825983","1.246517389","0.506015769","3.121817664","1.065732547","0.380852771","2.828397854",5,0,5,0,"4","0.0317460317460317","0.516949152542373","0.0154278640891897","-0.246143033977703","0.988","0.976","0.5236792911697","0.00388080144606856","1.43220338983051",NA,"0",NA,"0.000586502698103157","9.28413206082182","1.33217904021012","3.789291416276","0.149952992792228","0.249735768406393","0.219823648979882"
"Megachile gentilis","above","rent","solitary","polylectic",2.6466668,2.4,2.5,3,2.666667,2.666667,"yes","yes","0.761390457","0.254245059","2.280144327","1.243218288","0.505344833","2.639455343","1.061630296","0.379912249","2.814013482",43,5,31,5,"9","0.0714285714285714","0.228813559322034","0.278721272707437","-0.0801420808102847","0.99304347826087","0.936","0.573980625795448","0.0317656728799501","1.1864406779661",NA,"0",NA,"0.00243510697362896","3.46793565212692","1.5116683158578","4.53428911416176","0.237727110404991","0.298835336664288","0.294025000580466"
"Megachile lippiae","below","rent","solitary","polylectic",3.095238,3.095238,NA,NA,NA,NA,"no","yes","0.949167595","0.291756641","3.087912995","1.454955527","0.546743071","3.871828826","1.334659452","0.439955258","3.808321405",10,1,6,1,"3","0.0238095238095238","0.559322033898305","0.0118344758020891","-0.32938850806597","0.996571428571429","0.984","0.732338719446132","0.00561636386542913","1.52542372881356",NA,"0",NA,"0.00103192383464475","1.45308758935639","0.801818552543337","2.22959187392042","0.172046380445002","0.146942733798337","0.219875170399438"
"Megachile montivaga","above","rent","solitary","polylectic",2.5764227776,2.585365854,2.536585366,2.926829268,2.1666667,2.6666667,"yes","yes","0.733093179","0.248304037","2.16438531","1.210075339","0.498554602","2.952423404","1.02069489","0.370454358","2.671462909",6,5,6,4,"5","0.0396825396825397","0.423728813559322","0.182443744499382","-0.163511251100124","0.984","0.968","0.46475800154489","0.030735697974856","1.26271186440678",NA,"0",NA,"0.000684729725947595","14.1163394064178","1.56071040904141","4.7622031559046","0.273529719001358","0.31385616301213","0.244748027132646"
"Megachile occidentalis","mix","rent",NA,"polylectic",NA,NA,NA,NA,NA,NA,"no","yes",NA,NA,NA,NA,NA,NA,NA,NA,NA,1,0,1,0,"1","0.00793650793650794","0.974576271186441","0.00429184549356223","-0.995708154506438","1","1","1","0.00429184549356223","1.90677966101695",NA,"0",NA,"0.000131512344865066","8196.04299273653","0","1","0.0182544656847383","0.0659056644030367","0.33022115943753"
"Megachile onobrychidis","mix","rent","solitary","polylectic",2.575609756,2.487804878,2.487804878,2.487804878,2.682926829,2.731707317,"yes","yes","0.732767483","0.24823516","2.16306257","1.209691759","0.498475475","2.786234327","1.020224077","0.370344796","2.669833934",103,16,52,15,"23","0.182539682539683","0.076271186440678","1.55152432315245","0.0239793183979325","0.98141935483871","0.824","0.405055245734796","0.0902512873474918","1.11016949152542",NA,"0.007070340826686",NA,"0.00323948093842949","9.19371517777517","2.31005965396748","10.0750256523401","0.332261852966322","0.664001259495111","0.310201488496783"
"Megachile parallela","mix","rent","solitary","polylectic",3.2892218532,3.414634146,3.12195122,3.1666667,3.2666667,3.4761905,"yes","yes","1.033980635","0.307769722","3.473752858","1.546565236","0.563715204","4.489034353","1.458685372","0.465746891","4.283046661",17,1,8,1,"4","0.0317460317460317","0.440677966101695","0.0742807705645267","-0.231429807358868","0.995636363636364","0.976","0.690519086627256","0.0117855452850134","1.52542372881356",NA,"0",NA,"0.00149938863116422","1.64909539389648","0.955447141393767","2.59983281592779","0.173456596678157","0.171343709070539","0.257868986689146"
"Megachile rotundata","above","rent","solitary","oligolectic",2.1951219512,2.292682927,2.146341463,2.097560976,2.243902439,2.195121951,"yes","yes","0.585089151","0.215695479","1.58709546","1.030242142","0.459971439","2.463721425","0.807630865","0.318818843","1.960287222",31,1,23,1,"12","0.0952380952380952","0.152542372881356","0.328048408873498","-0.0559959659272085","0.980444444444444","0.912","0.374026659113181","0.0270437958324813","1.16949152542373",NA,"0",NA,"0.0021149810694811","7.1824712950051","2.18097610196535","8.85494537128757","0.278123452047594","0.583591057947301","0.249226663040684"
"Megachile texana","below","rent",NA,"polylectic",3.3375,3.15625,3.4375,3.5,3.4375,3.15625,"no","yes","1.05541259","0.311737017","3.573190463","1.569368655","0.567861252","3.987348204","1.490089238","0.472150783","4.405371849",0,2,0,2,NA,NA,NA,NA,NA,NA,NA,NA,NA,NA,NA,NA,NA,NA,NA,NA,NA,NA,NA,NA
"Melecta edwardsii","below",NA,"parasite",NA,3.262195122,3.56097561,3.0625,2.96875,3.21875,3.5,"yes","no","1.022038545","0.305545708","3.418679295","1.533800247","0.561380979","4.781915932","1.441197605","0.462159337","4.215293436",0,0,0,0,NA,NA,NA,NA,NA,NA,NA,NA,NA,NA,NA,NA,NA,NA,NA,NA,NA,NA,NA,NA
"Melissodes agilis","below","ex","solitary","oligolectic",2.6000002,2.619048,2.857143,2.52381,2.380952,2.619048,"yes","yes","0.742556514","0.250300301","2.202914554","1.221199327","0.500843889","3.010546164","1.034378126","0.373630685","2.718911312",443,121,44,38,"18","0.142857142857143","0.0932203389830508","2.07804513833987","0.0598913965744372","0.99399209486166","0.864","0.616002595160375","0.256133179115969","1.15254237288136",NA,"0.108714043993232",NA,"0.00395650734768486","3.76956652526681","1.41306816597151","4.10854177372468","0.246210596535261","0.270776175324956","0.47629575847993"
"Melissodes communis alopex","below","ex","solitary","polylectic",2.79375,2.6875,2.71875,2.875,2.90625,2.78125,"no","yes","0.821634201","0.266623849","2.531966897","1.312628717","0.519278553","3.129835678","1.148971577","0.399665518","3.12406349",3,16,2,2,"1","0.00793650793650794","0.805084745762712","0.0186335403726708","-0.981366459627329","1","1","1","0.0186335403726708","1.72881355932203",NA,"0",NA,"0.000373905196302505","0.525260979927648","0","1","0.0126136007521153","0.0659056644030367","0.483304220198137"
"Melissodes lupina","below","ex","solitary","oligolectic",2.2048780488,2.243902439,2.146341463,2.097560976,2.341463415,2.195121951,"yes","yes","0.588753781","0.216537914","1.600786705","1.034841753","0.46099842","2.385197118","0.812883461","0.320146655","1.977159766",332,670,108,137,"26","0.206349206349206","0.0423728813559322","3.6736103938369","0.102831168993727","0.983926605504587","0.8","0.399898485036296","0.0973227621230491","1.09322033898305",NA,"0.0127507855934252",NA,"0.0038799636037442","6.63031904677231","2.27253183538042","9.70393851311487","0.405944500921036","0.639544515033051","0.255426447376635"
"Melissodes robustior","below","ex","solitary","oligolectic",2.762812156,2.87804878,3,2.904762,2.5625,2.46875,"yes","yes","0.808852343","0.264026751","2.47793873","1.298027353","0.516378566","3.469992338","1.130419352","0.395516106","3.057548784",170,18,30,12,"9","0.0714285714285714","0.220338983050847","0.63007483385343","-0.0411027962385078","0.987393939393939","0.936","0.547577489736782","0.140559068378283","1.22033898305085",NA,"0",NA,"0.00339024233023975","2.02639500539358","1.42435193243949","4.15516414291094","0.23472173576419","0.27384885354222","0.413440009692724"
"Melissodes stearnsi","below","ex","solitary","oligolectic",2.0390243902,2.048780488,2.048780488,2.195121951,1.902439024,2,"yes","yes","0.527370199","0.202153287","1.375784338","0.956661231","0.44322008","2.079788382","0.725072135","0.297522206","1.699832594",28,555,12,78,"8","0.0634920634920635","0.254237288135593","0.246939658459789","-0.0941325426925264","0.994","0.944","0.59976185750203","0.0465211347217943","1.22881355932203",NA,"0",NA,"0.00186908825498252","3.74162175447864","1.43211758637805","4.18755732402985","0.274063213502261","0.275983747665989","0.333895457256471"
"Melissodes tepida timberlakei","below","ex","solitary","polylectic",2.2146341464,2.146341463,2.341463415,2.097560976,2.243902439,2.243902439,"yes","yes","0.592425032","0.217379899","1.614534829","1.039441456","0.462023144","2.230735812","0.818146801","0.321474099","1.99410208",25,80,20,54,"9","0.0714285714285714","0.23728813559322","0.187480769394312","-0.0902799145117431","0.985777777777778","0.936","0.436319149247429","0.0290438683559282","1.29661016949153",NA,"0",NA,"0.0018485587219213","5.04312432201323","1.88694915552284","6.59920479074676","0.284211845816358","0.434924976265868","0.285470343505744"
"Neopasites serriae","below",NA,"parasite",NA,NA,NA,NA,NA,NA,NA,"yes","no",NA,NA,NA,NA,NA,NA,NA,NA,NA,0,0,0,0,NA,NA,NA,NA,NA,NA,NA,NA,NA,NA,NA,NA,NA,NA,NA,NA,NA,NA,NA,NA
"Nomada hesperia",NA,NA,"parasite",NA,2.09375,2.09375,NA,NA,NA,NA,"no","yes","0.547407534","0.206914802","1.448204795","0.982454859","0.449163168","2.148924084","0.753695347","0.304999778","1.789104953",0,2,0,2,NA,NA,NA,NA,NA,NA,NA,NA,NA,NA,NA,NA,NA,NA,NA,NA,NA,NA,NA,NA
"Nomada sp. 1","below",NA,"parasite",NA,2.1951219512,2.390243902,2.292682927,2,2.195121951,2.097560976,"yes","no","0.585089151","0.215695479","1.58709546","1.030242142","0.459971439","2.623311931","0.807630865","0.318818843","1.960287222",0,0,0,0,NA,NA,NA,NA,NA,NA,NA,NA,NA,NA,NA,NA,NA,NA,NA,NA,NA,NA,NA,NA
"Nomada sp. 2","below",NA,"parasite",NA,1.365853659,1.365853659,NA,NA,NA,NA,"yes","no","0.299985938","0.142140118","0.633118671","0.639665335","0.362329243","1.129281583","0.403640938","0.204375192","0.783604037",0,0,0,0,NA,NA,NA,NA,NA,NA,NA,NA,NA,NA,NA,NA,NA,NA,NA,NA,NA,NA,NA,NA
"Nomada sp. 3","below",NA,"parasite",NA,2.0677051952,2.097560976,2.168675,2.168675,1.927711,1.975904,"yes","yes","0.537844444","0.204650622","1.413514619","0.970178868","0.446344511","2.15481789","0.740029441","0.301442631","1.746343816",4,10,3,6,"3","0.0238095238095238","0.601694915254237","0.11038803371816","-0.296537322093947","0.992","0.984","0.608276253029822","0.0277430364669232","1.49152542372881",NA,"0",NA,"0.000482343334845862","5.4525502646135","1.03972077083992","2.82842712474619","0.277029144468819","0.186409368871968","0.269722610184872"
"Nomada sp. 4","below",NA,"parasite",NA,1.672131148,1.672131148,NA,NA,NA,NA,"yes","no","0.398854908","0.169805632","0.936866674","0.78382013","0.401136725","1.531582521","0.54255162","0.247045534","1.158531204",0,0,0,0,NA,NA,NA,NA,NA,NA,NA,NA,NA,NA,NA,NA,NA,NA,NA,NA,NA,NA,NA,NA
"Nomada sp. 5","below",NA,"parasite",NA,1.0760420458,1.081967213,0.852459016,1.180723,1.108434,1.156627,"yes","yes","0.214421924","0.115258527","0.398901172","0.503395586","0.321376567","0.795053795","0.284829999","0.163439482","0.494227236",0,3,0,3,NA,NA,NA,NA,NA,NA,NA,NA,NA,NA,NA,NA,NA,NA,NA,NA,NA,NA,NA,NA
"Nomada sp. 7","below",NA,"parasite",NA,1.804878049,1.804878049,NA,NA,NA,NA,"yes","no","0.444148627","0.181599871","1.086278321","0.846338321","0.416848107","1.718344262","0.606654106","0.265381859","1.342848348",0,0,0,0,NA,NA,NA,NA,NA,NA,NA,NA,NA,NA,NA,NA,NA,NA,NA,NA,NA,NA,NA,NA
"Nomada sp. A","below",NA,"parasite",NA,1.58333333333333,1.625,1.46875,1.65625,NA,NA,"no","yes","0.36935892","0.161853196","0.842899709","0.742012534","0.390278297","1.467029299","0.500954774","0.234729179","1.042578508",3,1,2,1,"1","0.00793650793650794","0.813559322033898","0.000876168224299065","-0.999123831775701","1","1","1","0.000876168224299065","1.50847457627119",NA,"0",NA,"0.000372572651331017","0.525260979927648","0","1","0.268254465684738","0.0659056644030367","0.0866925386779499"
"Osmia aglaia","above","rent","solitary","polylectic",2.1951219514,2.097560976,2.195121951,2.097560976,2.292682927,2.292682927,"yes","yes","0.585089151","0.215695479","1.587095461","1.030242142","0.459971439","2.15481789","0.807630865","0.318818843","1.960287223",4,1,3,1,"3","0.0238095238095238","0.610169491525424","0.0752913752913753","-0.308236208236208","0.992","0.984","0.608276253029822","0.024504662004662","1.6864406779661",NA,"0",NA,"0.000482669085477162","5.4525502646135","1.03972077083992","2.82842712474619","0.0133187088686932","0.186409368871968","0.500589354015546"
"Osmia atrocyanea","above","rent","solitary","polylectic",2.819512195,3.024390244,2.87804878,2.780487805,2.731707317,2.682926829,"yes","yes","0.83232194","0.268783819","2.577386598","1.324787951","0.521681237","3.739126355","1.164492777","0.403118564","3.179977748",2,6,2,6,"2","0.0158730158730159","0.754237288135593","0.055883510428965","-0.472058244785518","0.992","0.992","0.70427267446636","0.0279417552144825","1.82203389830508",NA,"0",NA,"0.000255797307340675","17872.483199054","0.693147180559945","2","0.0111250391726731","0.131811328806073","0.516088089161831"
"Osmia bakeri","above","rent","solitary","oligolectic",NA,NA,NA,NA,NA,NA,"yes","no",NA,NA,NA,NA,NA,NA,NA,NA,NA,0,0,0,0,NA,NA,NA,NA,NA,NA,NA,NA,NA,NA,NA,NA,NA,NA,NA,NA,NA,NA,NA,NA
"Osmia bridwelli",NA,"rent","solitary","polylectic",3.22,3.3,2.9,3.4,3.2,3.3,"yes","no","1.003474759","0.302069029","3.333547952","1.513872036","0.557717398","4.263994272","1.4140287","0.456554578","4.110557356",0,0,0,0,NA,NA,NA,NA,NA,NA,NA,NA,NA,NA,NA,NA,NA,NA,NA,NA,NA,NA,NA,NA
"Osmia cara",NA,"rent","solitary","polylectic",3.07317073166667,2.926829268,3.317073171,2.975609756,NA,NA,"yes","no","0.939653624","0.289927455","3.045413323","1.44453578","0.544779249","3.558952094","1.320772501","0.437014927","3.756023295",0,0,0,0,NA,NA,NA,NA,NA,NA,NA,NA,NA,NA,NA,NA,NA,NA,NA,NA,NA,NA,NA,NA
"Osmia coloradensis","above","rent","solitary","oligolectic",2.312195122,2.243902439,2.341463415,2.292682927,2.390243902,2.292682927,"yes","yes","0.62949798","0.225775429","1.755140979","1.085443461","0.472149479","2.385197118","0.871365639","0.334728618","2.167358053",1,0,1,0,"1","0.00793650793650794","0.983050847457627","0.000292056074766355","-0.999707943925234","1","1","1","0.000292056074766355","1.50847457627119",NA,"0",NA,"0.000131799957128366","8196.04299273653","0","1","0.268254465684738","0.0659056644030367","0"
"Osmia cyanella","above","rent","solitary","polylectic",2.4487804876,2.43902439,2.43902439,2.43902439,2.487804878,2.43902439,"yes","no","0.682478287","0.237457768","1.961513478","1.149860944","0.485975987","2.70436081","0.947626554","0.35322635","2.421596079",0,0,0,0,NA,NA,NA,NA,NA,NA,NA,NA,NA,NA,NA,NA,NA,NA,NA,NA,NA,NA,NA,NA
"Osmia gaudiosa","above","rent","solitary","oligolectic",1.69045413333333,1.686747,1.6923077,1.6923077,NA,NA,"no","yes","0.40502236","0.171440136","0.956853604","0.792448187","0.403341342","1.551790172","0.551264481","0.24958177","1.183191079",9,5,6,2,"7","0.0555555555555556","0.330508474576271","0.277069375982419","-0.103275803431083","0.984","0.952","0.422689799577263","0.0383612437960264","1.61016949152542",NA,"0",NA,"0.000685940987627401","14.4864655897504","1.83102048111352","6.24025146915571","0.0290661234722657","0.411267919116733","0.49980710444682"
"Osmia glauca","above","rent","solitary","oligolectic",1.6097560975,1.463414634,1.512195122,1.463414634,NA,2,"yes","yes","0.37806701","0.164225039","0.87035853","0.754451761","0.39354029","1.252941668","0.513222618","0.238398473","1.076464813",0,1,0,1,NA,NA,NA,NA,NA,NA,NA,NA,NA,NA,NA,NA,NA,NA,NA,NA,NA,NA,NA,NA
"Osmia granulosa",NA,"rent","solitary",NA,2.0585365854,2.097560976,1.951219512,1.951219512,2.097560976,2.195121951,"yes","yes","0.534489576","0.203852739","1.401399403","0.96585749","0.445348057","2.15481789","0.735237439","0.300189732","1.731409341",2,8,2,8,"2","0.0158730158730159","0.76271186440678","0.00650323619898996","-0.496748381900505","0.992","0.992","0.70427267446636","0.00325161809949498","1.38135593220339",NA,"0",NA,"0.000255662353516904","17872.483199054","0.693147180559945","2","0.280868066436854","0.131811328806073","0.184050365961235"
"Osmia laeta","above","rent","solitary","polylectic",1.951219512,1.951219512,2,2.195121951,2.146341463,1.463414634,"yes","yes","0.49567861","0.194481081","1.263348001","0.915283047","0.433516465","1.932436534","0.679886392","0.285498252","1.561211745",4,1,2,1,"2","0.0158730158730159","0.677966101694915","0.0817099567099567","-0.459145021645022","0.997333333333333","0.992","0.788669766125214","0.0374729437229437","1.83050847457627",NA,"0",NA,"0.000472712676113712","1.59180960033126","0.562335144618808","1.75476535060332","0.00853964274522093","0.11564897630294","0.558832574277575"
"Osmia lignaria propinqua","above","rent","solitary","polylectic",2.84000008,2.766667,2.6666667,3,3.1666667,2.6,"yes","yes","0.840850077","0.270499872","2.613786278","1.334458176","0.523584238","3.269726998","1.176883183","0.405863251","3.224786246",9,0,5,0,"4","0.0317460317460317","0.474576271186441","0.115493763331636","-0.221126559167091","0.996","0.976","0.690893141761686","0.0335365741175938","1.63559322033898",NA,"0",NA,"0.00086863721235889","2.75920033713485","1.00271826451752","2.72568088924821","0.0354904418677531","0.179637809956563","0.483255402198027"
"Osmia montana","above","rent","solitary",NA,2.487804878,2.487804878,2.536585366,2.682926829,NA,2.243902439,"yes","no","0.697841341","0.240780926","2.022512934","1.168268966","0.48985556","2.786234327","0.96978364","0.358499364","2.496731813",0,0,0,0,NA,NA,NA,NA,NA,NA,NA,NA,NA,NA,NA,NA,NA,NA,NA,NA,NA,NA,NA,NA
"Osmia montana quadriceps","above","rent","solitary","oligolectic",NA,NA,NA,NA,NA,NA,"yes","no",NA,NA,NA,NA,NA,NA,NA,NA,NA,0,0,0,0,NA,NA,NA,NA,NA,NA,NA,NA,NA,NA,NA,NA,NA,NA,NA,NA,NA,NA,NA,NA
"Osmia nemoris","mix","rent","solitary","polylectic",2.2146341464,2.195121951,2.097560976,2.097560976,2.195121951,2.487804878,"yes","yes","0.592425032","0.217379899","1.614534829","1.039441456","0.462023144","2.307532121","0.818146801","0.321474099","1.99410208",3,311,3,78,"3","0.0238095238095238","0.627118644067797","0.0340899126927461","-0.321970029102418","0.984","0.984","0.572712842531054","0.0113633042309154","1.6864406779661",NA,"0",NA,"0.000372240499111163","26534.1902247895","1.09861228866811","3","0.0326700094014416","0.19771699320911","0.391976977241938"
"Osmia nigrifrons","above","rent","solitary","oligolectic",2.4878048778,2.87804878,2.292682927,2.390243902,2.43902439,2.43902439,"yes","no","0.697841341","0.240780926","2.022512934","1.168268966","0.48985556","3.469992338","0.96978364","0.358499364","2.496731813",0,0,0,0,NA,NA,NA,NA,NA,NA,NA,NA,NA,NA,NA,NA,NA,NA,NA,NA,NA,NA,NA,NA
"Osmia pusilla","above","rent","solitary","polylectic",NA,NA,NA,NA,NA,NA,"no","yes",NA,NA,NA,NA,NA,NA,NA,NA,NA,0,4,0,2,NA,NA,NA,NA,NA,NA,NA,NA,NA,NA,NA,NA,NA,NA,NA,NA,NA,NA,NA,NA
"Osmia regulina","above","rent","solitary","polylectic",1.9756685248,2,1.951219512,2.048780488,1.902439024,1.9759036,"yes","yes","0.504445764","0.196621504","1.294189721","0.926803852","0.43623984","2.005657676","0.692375803","0.288849637","1.599238631",14,15,7,13,"5","0.0396825396825397","0.398305084745763","0.0681195654881344","-0.186376086902373","0.995428571428571","0.968","0.65842285892656","0.0299081027914114","1.44067796610169",NA,"0",NA,"0.0011072601581681","3.53812044724699","1.15958881430863","3.18862189082652","0.132980541864904","0.210148244244989","0.393835991726949"
"Osmia sp. FA",NA,"rent","solitary",NA,1.707317073,1.707317073,NA,NA,NA,NA,"yes","no","0.410722523","0.172942503","0.975428183","0.8003891","0.405359814","1.580380416","0.559321711","0.251914385","1.206107359",0,0,0,0,NA,NA,NA,NA,NA,NA,NA,NA,NA,NA,NA,NA,NA,NA,NA,NA,NA,NA,NA,NA
"Osmia sp. FC",NA,"rent","solitary",NA,2.195121951,2.195121951,NA,NA,NA,NA,"yes","no","0.585089151","0.215695479","1.58709546","1.030242142","0.459971439","2.307532121","0.807630865","0.318818843","1.960287222",0,0,0,0,NA,NA,NA,NA,NA,NA,NA,NA,NA,NA,NA,NA,NA,NA,NA,NA,NA,NA,NA,NA
"Osmia sp. FE",NA,"rent","solitary",NA,NA,NA,NA,NA,NA,NA,"yes","no",NA,NA,NA,NA,NA,NA,NA,NA,NA,0,0,0,0,NA,NA,NA,NA,NA,NA,NA,NA,NA,NA,NA,NA,NA,NA,NA,NA,NA,NA,NA,NA
"Osmia texana","above","rent","solitary","oligolectic",2.80048204,2.666667,2.566667,2.6024096,3.0333333,3.1333333,"yes","yes","0.8244232","0.267188513","2.54379803","1.315806055","0.519907469","3.093365794","1.153021142","0.400568042","3.138628508",6,2,2,2,"2","0.0158730158730159","0.661016949152542","0.0654390345401581","-0.467280482729921","0.9984","0.992","0.848528137423857","0.0483596892772923","1.78813559322034",NA,"0",NA,"0.000685489762806114","1.05052243819541","0.450561208866305","1.5691925832142","0.0154340332184268","0.103418679773049","0.557075552576536"
"Osmia trevoris",NA,NA,NA,NA,NA,NA,NA,NA,NA,NA,"no","yes",NA,NA,NA,NA,NA,NA,NA,NA,NA,0,3,0,1,NA,NA,NA,NA,NA,NA,NA,NA,NA,NA,NA,NA,NA,NA,NA,NA,NA,NA,NA,NA
"Panurginus nigrellus","below","ex","solitary","polylectic",1.3170731708,1.390243902,1.268292683,1.268292683,1.292682927,1.365853659,"yes","no","0.285011801","0.137668101","0.590054819","0.616718688","0.355762562","1.15979073","0.382742413","0.197526638","0.730419735",0,0,0,0,NA,NA,NA,NA,NA,NA,NA,NA,NA,NA,NA,NA,NA,NA,NA,NA,NA,NA,NA,NA
"Peponapis pruinosa","below","ex","solitary","oligolectic",3.131707317,3.170731707,2.975609756,3.219512195,3.073170732,3.219512195,"yes","yes","0.964951482","0.294776181","3.158774086","1.472176384","0.549973376","4.01493489","1.357709934","0.444811696","3.895516176",15,80,4,32,"5","0.0396825396825397","0.38135593220339","1.01970306066554","0.00394061213310769","0.993","0.968","0.603191511876618","0.535826811713986","1.55084745762712",NA,"0",NA,"0.0007646360340552","2.62630616205599","1.22933621590766","3.41895933209331","0.108351613914134","0.225328786348572","0.616548029967925"
"Perdita heliotropii",NA,NA,NA,NA,0.868292683,0.780487805,0.853658537,0.926829268,0.926829268,0.853658537,"yes","no","0.158524778","0.095451241","0.263276884","0.405812027","0.288510266","0.486132387","0.208159687","0.133673039","0.326496624",0,0,0,0,NA,NA,NA,NA,NA,NA,NA,NA,NA,NA,NA,NA,NA,NA,NA,NA,NA,NA,NA,NA
"Perdita heliotropii perducta","below","ex","solitary",NA,NA,NA,NA,NA,NA,NA,"yes","no",NA,NA,NA,NA,NA,NA,NA,NA,NA,0,0,0,0,NA,NA,NA,NA,NA,NA,NA,NA,NA,NA,NA,NA,NA,NA,NA,NA,NA,NA,NA,NA
"Perdita salicis tristis","below","ex",NA,"oligolectic",NA,NA,NA,NA,NA,NA,"no","yes",NA,NA,NA,NA,NA,NA,NA,NA,NA,0,1,0,1,NA,NA,NA,NA,NA,NA,NA,NA,NA,NA,NA,NA,NA,NA,NA,NA,NA,NA,NA,NA
"Protosmia rubifloris","above","rent","solitary","polylectic",1.4688524592,1.409836066,1.573770492,1.31147541,1.540983607,1.508196721,"yes","yes","0.332320054","0.151520224","0.72885728","0.68812864","0.375822142","1.184495282","0.448901647","0.218786021","0.901813879",0,13,0,5,NA,NA,NA,NA,NA,NA,NA,NA,NA,NA,NA,NA,NA,NA,NA,NA,NA,NA,NA,NA
"Sphecodes","below",NA,"parasite",NA,1.4163934428,1.278688525,1.344262295,1.442622951,1.31147541,1.704918033,"yes","no","0.315731923","0.146753089","0.679281422","0.663443474","0.369010923","1.022509822","0.425659747","0.211454565","0.84060651",9,7,9,5,NA,NA,NA,NA,NA,NA,NA,NA,NA,NA,NA,NA,NA,NA,NA,NA,NA,NA,NA,NA
"Sphecodes sp. 1","below",NA,"parasite",NA,0.895,1.05,0.925,0.825,0.825,0.85,"no","yes","0.165432881","0.098027211","0.279188175","0.418351488","0.292939573","0.759940217","0.217585443","0.137522754","0.346183086",0,12,0,10,NA,NA,NA,NA,NA,NA,NA,NA,NA,NA,NA,NA,NA,NA,NA,NA,NA,NA,NA,NA
"Sphecodes sp. B","below",NA,"parasite",NA,0.98,0.975,1,0.925,1.025,0.975,"no","yes","0.187975233","0.106165251","0.332827247","0.45827122","0.30661567","0.679680807","0.248445188","0.149728125","0.412530984",7,32,7,30,"4","0.0317460317460317","0.508474576271186","0.0326296097293761","-0.241842597567656","0.994","0.976","0.618754509363078","0.00520113532298033","1.38983050847458",NA,"0",NA,"0.000778177219699321","3.87836465825847","1.15374194270109","3.17003282492367","0.418241035053946","0.20892311950603","0.104619447374513"
"Sphecodes sp. D",NA,NA,"parasite",NA,NA,NA,NA,NA,NA,NA,"no","yes",NA,NA,NA,NA,NA,NA,NA,NA,NA,0,1,0,1,NA,NA,NA,NA,NA,NA,NA,NA,NA,NA,NA,NA,NA,NA,NA,NA,NA,NA,NA,NA
"Stelis laticincta",NA,NA,"parasite",NA,NA,NA,NA,NA,NA,NA,"no","yes",NA,NA,NA,NA,NA,NA,NA,NA,NA,4,0,3,0,"2","0.0158730158730159","0.686440677966102","0.00680181887078439","-0.496599090564608","0.997333333333333","0.992","0.788669766125214","0.00317828723001137","1.52542372881356",NA,"0",NA,"0.000482674445483739","1.59180960033126","0.562335144618808","1.75476535060332","0.099890316515199","0.11564897630294","0.229076319084742"
"Stelis montana","above",NA,"parasite",NA,2.292682927,2.292682927,NA,NA,NA,NA,"yes","no","0.622031365","0.224099809","1.726565588","1.076242346","0.47014146","2.463721425","0.86063731","0.332080571","2.132149842",1,0,1,0,"1","0.00793650793650794","0.991525423728814","0.0714285714285714","-0.928571428571429","1","1","1","0.0714285714285714","1.96610169491525",NA,"0",NA,"0.00013198757355549","8196.04299273653","0","1","0.00109683484801003","0.0659056644030367","0.675734307606771"
"Svastra obliqua expurgata","below","ex","solitary","oligolectic",3.3368176634,3.56097561,3.512195122,3.658536585,3,2.952381,"yes","yes","1.055108797","0.311680994","3.57177561","1.569046353","0.567802863","4.781915932","1.489643923","0.472060314","4.403631393",36,23,24,18,"10","0.0793650793650794","0.186440677966102","0.488613149903141","-0.0511386850096859","0.976","0.928","0.398050806360751","0.0351065940445224","1.1864406779661",NA,"0",NA,"0.00212152547969598","4.58647463455904","2.00827385875458","7.45044571973792","0.311474981719419","0.491026575258089","0.22486101107882"
"Tetraloniella pomonae","below","ex","solitary","oligolectic",NA,NA,NA,NA,NA,NA,"yes","no",NA,NA,NA,NA,NA,NA,NA,NA,NA,0,0,0,0,NA,NA,NA,NA,NA,NA,NA,NA,NA,NA,NA,NA,NA,NA,NA,NA,NA,NA,NA,NA
"Triepeolus concavus","below",NA,"parasite",NA,2.7125,2.59375,2.625,2.96875,2.59375,2.78125,"no","yes","0.788190647","0.259795724","2.391280678","1.27428371","0.51162782","2.966855683","1.10045372","0.388761946","2.950856224",4,0,4,0,"4","0.0317460317460317","0.533898305084746","0.00656567935322304","-0.248358580161694","0.976","0.976","0.493963561409139","0.00164141983830576","1.32203389830508",NA,"0",NA,"0.000482447727534674","35168.6827595786","1.38629436111989","4","0.39266687558759","0.263622657612147","0.0964400385073984"
"Triepeolus heterurus",NA,NA,"parasite",NA,1.653012,1.686747,1.686747,1.638554,1.686747,1.566265,"no","yes","0.392448803","0.168097794","0.916228939","0.774817627","0.398823473","1.551790172","0.533507067","0.244397232","1.133067128",46,26,21,15,"11","0.0873015873015873","0.169491525423729","0.309079588775137","-0.0628109464749875","0.979692307692308","0.92","0.400793164463329","0.037251470783495","1.14406779661017",NA,"0",NA,"0.00253588386532208","4.57966239925816","2.02962416669979","7.61122526925568","0.325197907157358","0.501622858291477","0.252153987922491"
"Triepeolus melanarius",NA,NA,"parasite",NA,1.78213272,1.6666667,2,1.6666667,1.6385542,1.938776,"no","yes","0.436288142","0.179586669","1.059919112","0.83562471","0.414197888","1.524050348","0.595510766","0.262246236","1.310335479",12,5,5,5,"2","0.0158730158730159","0.635593220338983","0.0104363288983012","-0.494781835550849","0.9984","0.992","0.848528137423857","0.00830753264889585","1.33898305084746",NA,"0",NA,"0.00118136864953219","0.685330321969984","0.450561208866305","1.5691925832142","0.246187193147394","0.103418679773049","0.227605298677643"
"Triepeolus nr. lestes","below",NA,"parasite",NA,2.15,2.0625,2,2.28125,2.4375,1.96875,"no","yes","0.568226875","0.211793284","1.524513787","1.008970151","0.455191867","2.10080004","0.78347812","0.312672862","1.883159868",0,0,0,0,NA,NA,NA,NA,NA,NA,NA,NA,NA,NA,NA,NA,NA,NA,NA,NA,NA,NA,NA,NA
"Triepeolus sp. 1","below",NA,"parasite",NA,NA,NA,NA,NA,NA,NA,"yes","no",NA,NA,NA,NA,NA,NA,NA,NA,NA,0,0,0,0,NA,NA,NA,NA,NA,NA,NA,NA,NA,NA,NA,NA,NA,NA,NA,NA,NA,NA,NA,NA
"Triepeolus sp. A","below",NA,"parasite",NA,1.66666666666667,1.8125,1.5625,1.625,NA,NA,"no","yes","0.3970209","0.169317754","0.930945468","0.781247059","0.400476918","1.729285222","0.539961678","0.246288812","1.151225395",1,2,1,1,"1","0.00793650793650794","1","0.00425531914893617","-0.995744680851064","1","1","1","0.00425531914893617","1.83898305084746",NA,"0",NA,"0.000131805185026679","8196.04299273653","0","1","0.0184111563773112","0.0659056644030367","0.329170966823183"
"Triepeolus sp. D","below",NA,"parasite",NA,1.21875,1.21875,NA,NA,NA,NA,"no","yes","0.255517399","0.128592243","0.507722238","0.57047869","0.342148351","0.951183702","0.341703677","0.183673376","0.628713317",0,1,0,1,NA,NA,NA,NA,NA,NA,NA,NA,NA,NA,NA,NA,NA,NA,NA,NA,NA,NA,NA,NA
"Triepeolus subnitens",NA,NA,"parasite",NA,2.4283334,2.533333,2.466667,2.266667,2.3125,2.5625,"no","yes","0.674468404","0.235714023","1.929913296","1.140216468","0.483930986","2.863385965","0.936081983","0.350461417","2.382670683",17,5,9,4,"4","0.0317460317460317","0.449152542372881","0.0792205718546165","-0.230194857036346","0.985333333333333","0.976","0.52394563758263","0.0227682666318666","1.32203389830508",NA,"0",NA,"0.00149983229196432","1.6490962335472","1.31972992151867","3.74241049621507","0.227487234317105","0.246646050221952","0.279566425138764"
"Triepeolus timberlakei","below",NA,"parasite",NA,1.6428188146,1.707317073,1.686747,1.566265,1.566265,1.6875,"yes","yes","0.389045764","0.167186301","0.905317036","0.770018223","0.397584748","1.580380416","0.528704726","0.242984531","1.119602848",5,0,5,0,"3","0.0238095238095238","0.584745762711864","0.00840640913683964","-0.330531196954387","0.988","0.984","0.595718054116207","0.00259333288550509","1.38983050847458",NA,"0",NA,"0.000586438041966585","3.16654189346081","1.05492016798614","2.87174588749259","0.328031964901285","0.189264320711887","0.138084636708339"
"Xeromelecta californica","below",NA,"parasite",NA,2.55433615433333,2.146341463,2.766667,2.75,NA,NA,"yes","yes","0.724260199","0.24643199","2.128590674","1.199655138","0.4964006","2.230735812","1.007929189","0.367477213","2.627380454",2,0,2,0,"2","0.0158730158730159","0.771186440677966","0.00297329324545339","-0.498513353377273","0.992","0.992","0.70427267446636","0.00148664662272669","1.55932203389831",NA,"0",NA,"0.000255735305530986","17872.483199054","0.693147180559945","2","0.118928235662802","0.131811328806073","0.188786528948362"
"Xylocopa tabaniformis orpifex","above","ex","solitary","polylectic",5.84,5.4,6.3,6,6.1,5.4,"yes","yes","2.320332398","0.509777768","10.56135198","2.753059711","0.752394928","8.952578211","3.376182534","0.797653429","12.98944585",16,1,5,1,"6","0.0476190476190476","0.347457627118644","0.796604610223536","-0.0338992316294107","0.992","0.96","0.554075807087803","0.270348171383178","1.63559322033898",NA,"0",NA,"0.00124981592352767","3.4868858071801","1.4402347497046","4.22168674039773","0.0245220933876528","0.278233069527403","0.699279687129926"
"Xylocopa varipuncta","above","ex","solitary","polylectic",6.945,5.6,6.6,6.65,7.4375,8.4375,"no","yes","2.961516401","0.593655932","14.77384275","3.27653976","0.820908575","9.456629951","4.349534352","0.938313387","18.15673403",11,0,3,0,"2","0.0158730158730159","0.644067796610169","0.173222912353347","-0.413388543823326","0.9992","0.992","0.912901106227868","0.0665662839575883","1.71186440677966",NA,"0",NA,"0.00111556903967612","0.715330569455624","0.304636097349238","1.35613141338627","0.0133187088686932","0.0893767418170515","0.591366852374779"
